,filename,label
3598,468.jpeg,2
3180,711.jpeg,2
3374,268.jpeg,2
722,n02958343_8220.JPEG,0
1538,n02958343_10187.JPEG,0
199,n09398076_19331.JPEG,1
2894,400.jpeg,2
1086,n02958343_73858.JPEG,0
3144,513.jpeg,2
1826,n02958343_7004.JPEG,0
3158,401.jpeg,2
742,n02958343_38241.JPEG,0
950,n02958343_5735.JPEG,0
1057,n09398076_9419.JPEG,1
2910,912.jpeg,2
2828,470.jpeg,2
2664,963.jpeg,2
2058,n02958343_12811.JPEG,0
1447,n02958343_3387.JPEG,0
3645,448.jpeg,2
3287,485.png,2
379,n02958343_5664.JPEG,0
1530,n09398076_4284.JPEG,1
1552,n09398076_154.JPEG,1
534,n09398076_13893.JPEG,1
1542,n02958343_9488.JPEG,0
2979,158.jpeg,2
2,n09398076_1275.JPEG,1
691,n09398076_15283.JPEG,1
940,n09398076_7909.JPEG,1
1030,n02958343_9005.JPEG,0
867,n02958343_12737.JPEG,0
3136,155.jpeg,2
738,n02958343_6874.JPEG,0
833,n09398076_6649.JPEG,1
2001,n09398076_2091.JPEG,1
1290,n02958343_67152.JPEG,0
1081,n02958343_10429.JPEG,0
51,n02958343_1926.JPEG,0
826,n09398076_9955.JPEG,1
1987,n02958343_10450.JPEG,0
1079,n09398076_4568.JPEG,1
3547,146.jpeg,2
2061,n09398076_349.JPEG,1
939,n09398076_535.JPEG,1
3396,481.jpeg,2
892,n02958343_8593.JPEG,0
762,n02958343_71116.JPEG,0
685,n09398076_3365.JPEG,1
2006,n02958343_9774.JPEG,0
79,n09398076_1074.JPEG,1
1559,n02958343_82209.JPEG,0
891,n02958343_80848.JPEG,0
2669,0.jpeg,2
764,n02958343_28739.JPEG,0
2504,n02958343_319.JPEG,0
2623,n09398076_9482.JPEG,1
1017,n02958343_7445.JPEG,0
953,n09398076_20393.JPEG,1
2590,n02958343_11769.JPEG,0
769,n02958343_3487.JPEG,0
704,n09398076_20035.JPEG,1
3225,951.jpeg,2
97,n09398076_7294.JPEG,1
619,n09398076_1002.JPEG,1
2577,n09398076_20407.JPEG,1
2888,667.jpeg,2
3568,669.jpeg,2
1789,n02958343_4123.JPEG,0
3019,861.jpeg,2
2237,n02958343_3075.JPEG,0
2223,n02958343_1434.JPEG,0
621,n09398076_9100.JPEG,1
588,n02958343_9936.JPEG,0
739,n09398076_10840.JPEG,1
726,n09398076_19563.JPEG,1
2244,n09398076_16137.JPEG,1
871,n02958343_9087.JPEG,0
2718,693.jpeg,2
2846,124.jpeg,2
2499,n02958343_20209.JPEG,0
3253,1114.jpeg,2
2161,n02958343_5281.JPEG,0
2683,867.jpeg,2
2697,902.jpeg,2
2302,n09398076_6777.JPEG,1
1417,n02958343_7073.JPEG,0
844,n09398076_7833.JPEG,1
3339,435.jpeg,2
2553,n09398076_14270.JPEG,1
2263,n02958343_81255.JPEG,0
1424,n02958343_61847.JPEG,0
2528,n02958343_83019.JPEG,0
686,n09398076_1953.JPEG,1
3528,1077.jpeg,2
746,n09398076_9906.JPEG,1
2792,738.jpeg,2
3321,1093.jpeg,2
124,n02958343_10247.JPEG,0
3223,681.jpeg,2
2096,n09398076_244.JPEG,1
1190,n02958343_14194.JPEG,0
262,n02958343_13788.JPEG,0
2558,n09398076_12386.JPEG,1
1346,n02958343_10903.JPEG,0
758,n09398076_1111.JPEG,1
2129,n02958343_3970.JPEG,0
2831,866.jpeg,2
2334,n02958343_6124.JPEG,0
1631,n09398076_19512.JPEG,1
1723,n09398076_6088.JPEG,1
3391,679.jpeg,2
2116,n09398076_10050.JPEG,1
460,n02958343_53286.JPEG,0
2446,n09398076_4930.JPEG,1
3085,303.jpeg,2
3670,1056.jpeg,2
577,n02958343_7906.JPEG,0
383,n09398076_6370.JPEG,1
15,n09398076_1050.JPEG,1
308,n02958343_81582.JPEG,0
3467,388.jpeg,2
1964,n09398076_1743.JPEG,1
3135,505.jpeg,2
822,n09398076_3303.JPEG,1
655,n02958343_6432.JPEG,0
148,n09398076_11072.JPEG,1
2486,n09398076_19370.JPEG,1
1573,n02958343_11963.JPEG,0
3605,829.jpeg,2
328,n09398076_6598.JPEG,1
3604,983.jpeg,2
3508,428.jpeg,2
3197,697.jpeg,2
963,n09398076_14243.JPEG,1
1943,n09398076_3463.JPEG,1
284,n09398076_415.JPEG,1
1217,n02958343_1128.JPEG,0
788,n02958343_3967.JPEG,0
3181,654.jpeg,2
1931,n02958343_74789.JPEG,0
2373,n02958343_9692.JPEG,0
721,n02958343_14759.JPEG,0
1685,n02958343_16909.JPEG,0
3678,560.jpeg,2
2168,n09398076_19731.JPEG,1
1420,n02958343_5568.JPEG,0
3207,443.jpeg,2
488,n09398076_15194.JPEG,1
600,n09398076_16161.JPEG,1
1995,n02958343_6937.JPEG,0
42,n09398076_1309.JPEG,1
2906,504.jpeg,2
2335,n02958343_5640.JPEG,0
134,n02958343_11897.JPEG,0
370,n09398076_10448.JPEG,1
1024,n09398076_15433.JPEG,1
3427,614.jpeg,2
390,n02958343_12618.JPEG,0
1694,n02958343_6233.JPEG,0
365,n09398076_20263.JPEG,1
3458,1000.jpeg,2
920,n09398076_5715.JPEG,1
2118,n02958343_4438.JPEG,0
1825,n02958343_971.JPEG,0
3557,812.jpeg,2
2371,n02958343_9147.JPEG,0
1302,n02958343_72923.JPEG,0
2994,877.jpeg,2
1225,n09398076_17550.JPEG,1
2212,n02958343_62170.JPEG,0
2850,348.jpeg,2
2364,n02958343_2417.JPEG,0
3414,9.jpeg,2
3500,351.jpeg,2
2313,n09398076_5198.JPEG,1
646,n09398076_1864.JPEG,1
1401,n02958343_4881.JPEG,0
1936,n02958343_1958.JPEG,0
1822,n09398076_3264.JPEG,1
1410,n09398076_12662.JPEG,1
438,n02958343_3390.JPEG,0
74,n09398076_2495.JPEG,1
2586,n02958343_8023.JPEG,0
2065,n09398076_12656.JPEG,1
1668,n09398076_7865.JPEG,1
1467,n09398076_7036.JPEG,1
2119,n02958343_4631.JPEG,0
1724,n09398076_7299.JPEG,1
2913,768.jpeg,2
146,n02958343_6585.JPEG,0
1082,n02958343_6586.JPEG,0
2470,n09398076_9792.JPEG,1
546,n02958343_851.JPEG,0
645,n02958343_22852.JPEG,0
2045,n02958343_4815.JPEG,0
192,n09398076_3586.JPEG,1
1657,n09398076_207.JPEG,1
8,n02958343_77184.JPEG,0
159,n09398076_6714.JPEG,1
2931,744.jpeg,2
38,n09398076_10581.JPEG,1
3227,1067.jpeg,2
3015,477.jpeg,2
3521,24.jpeg,2
3097,568.jpeg,2
3091,495.jpeg,2
554,n02958343_5113.JPEG,0
3451,598.jpeg,2
3059,698.jpeg,2
1207,n09398076_3440.JPEG,1
1297,n09398076_19029.JPEG,1
803,n09398076_9046.JPEG,1
2709,954.png,2
1885,n09398076_8864.JPEG,1
993,n09398076_5496.JPEG,1
2140,n09398076_1268.JPEG,1
1713,n09398076_13954.JPEG,1
3211,855.jpeg,2
1192,n09398076_2609.JPEG,1
1992,n09398076_11392.JPEG,1
2351,n09398076_21390.JPEG,1
244,n02958343_33993.JPEG,0
3327,198.jpeg,2
931,n09398076_20841.JPEG,1
2258,n02958343_5520.JPEG,0
105,n02958343_210.JPEG,0
2018,n02958343_6153.JPEG,0
3468,672.jpeg,2
80,n09398076_3880.JPEG,1
429,n09398076_2896.JPEG,1
1823,n09398076_271.JPEG,1
616,n09398076_4320.JPEG,1
3596,487.jpeg,2
1284,n09398076_2046.JPEG,1
445,n02958343_11719.JPEG,0
2086,n02958343_49336.JPEG,0
2134,n09398076_2273.JPEG,1
1627,n02958343_40427.JPEG,0
609,n09398076_977.JPEG,1
2091,n02958343_12391.JPEG,0
2794,368.jpeg,2
1446,n09398076_18782.JPEG,1
3629,612.jpeg,2
1481,n02958343_10004.JPEG,0
1259,n02958343_83576.JPEG,0
381,n09398076_8949.JPEG,1
1441,n09398076_3285.JPEG,1
1953,n02958343_10098.JPEG,0
2281,n09398076_7604.JPEG,1
1916,n09398076_7736.JPEG,1
1746,n02958343_7544.JPEG,0
200,n02958343_8222.JPEG,0
2565,n09398076_602.JPEG,1
1491,n09398076_4193.JPEG,1
2523,n02958343_314.JPEG,0
1632,n02958343_13443.JPEG,0
511,n09398076_7363.JPEG,1
110,n02958343_7955.JPEG,0
1094,n09398076_4446.JPEG,1
1137,n09398076_1285.JPEG,1
1546,n09398076_919.JPEG,1
2238,n02958343_16309.JPEG,0
2338,n02958343_5928.JPEG,0
934,n09398076_9796.JPEG,1
971,n09398076_11120.JPEG,1
3041,437.jpeg,2
3360,1089.jpeg,2
1925,n02958343_8671.JPEG,0
3535,629.jpeg,2
1868,n09398076_4583.JPEG,1
3236,475.jpeg,2
1553,n09398076_1348.JPEG,1
2093,n02958343_3637.JPEG,0
1764,n09398076_18444.JPEG,1
673,n02958343_44294.JPEG,0
1174,n09398076_1701.JPEG,1
3666,825.jpeg,2
1908,n09398076_2308.JPEG,1
1540,n09398076_6822.JPEG,1
959,n09398076_8479.JPEG,1
3094,354.jpeg,2
2450,n02958343_2956.JPEG,0
1693,n09398076_6855.JPEG,1
1319,n09398076_12099.JPEG,1
2479,n02958343_5627.JPEG,0
2307,n02958343_65841.JPEG,0
1326,n09398076_279.JPEG,1
324,n09398076_17809.JPEG,1
1677,n02958343_10703.JPEG,0
3189,879.jpeg,2
3078,40.jpeg,2
672,n02958343_1301.JPEG,0
3071,323.jpeg,2
3430,920.jpeg,2
2769,217.jpeg,2
2950,705.jpeg,2
1253,n09398076_2103.JPEG,1
466,n02958343_2049.JPEG,0
1385,n09398076_1110.JPEG,1
3159,1064.jpeg,2
9,n02958343_5346.JPEG,0
583,n02958343_49592.JPEG,0
1109,n02958343_46237.JPEG,0
1461,n09398076_6047.JPEG,1
420,n09398076_6194.JPEG,1
1817,n09398076_525.JPEG,1
3429,865.jpeg,2
2990,461.jpeg,2
831,n09398076_1158.JPEG,1
988,n09398076_1402.JPEG,1
3283,265.jpeg,2
1068,n02958343_75777.JPEG,0
3178,8.jpeg,2
3022,476.jpeg,2
1313,n02958343_6911.JPEG,0
544,n02958343_14496.JPEG,0
2696,451.jpeg,2
967,n02958343_6578.JPEG,0
2790,893.jpeg,2
2299,n02958343_10794.JPEG,0
3202,59.jpeg,2
1436,n02958343_868.JPEG,0
2719,369.jpeg,2
669,n09398076_2011.JPEG,1
1396,n02958343_11703.JPEG,0
298,n02958343_1235.JPEG,0
1487,n09398076_1830.JPEG,1
2721,191.jpeg,2
755,n02958343_39431.JPEG,0
2427,n02958343_3763.JPEG,0
3250,822.jpeg,2
592,n09398076_4027.JPEG,1
888,n09398076_3342.JPEG,1
2482,n09398076_17194.JPEG,1
16,n02958343_8051.JPEG,0
1012,n09398076_6662.JPEG,1
4,n02958343_11586.JPEG,0
3464,808.jpeg,2
348,n09398076_7691.JPEG,1
2472,n09398076_19420.JPEG,1
3116,196.jpeg,2
602,n09398076_2383.JPEG,1
828,n02958343_139.JPEG,0
1214,n02958343_8734.JPEG,0
334,n09398076_11539.JPEG,1
188,n09398076_17782.JPEG,1
2270,n02958343_7929.JPEG,0
2079,n02958343_13814.JPEG,0
291,n09398076_3348.JPEG,1
3536,296.jpeg,2
1648,n02958343_66399.JPEG,0
778,n09398076_7597.JPEG,1
1342,n02958343_14732.JPEG,0
1718,n02958343_3561.JPEG,0
2387,n09398076_19455.JPEG,1
2324,n09398076_7573.JPEG,1
1554,n09398076_2818.JPEG,1
1514,n09398076_5596.JPEG,1
979,n09398076_7750.JPEG,1
3543,280.jpeg,2
495,n02958343_11589.JPEG,0
3613,64.jpeg,2
768,n09398076_3469.JPEG,1
1855,n02958343_33319.JPEG,0
2508,n02958343_349.JPEG,0
3606,595.jpeg,2
1242,n02958343_10078.JPEG,0
795,n09398076_8767.JPEG,1
3004,359.jpeg,2
1139,n02958343_8274.JPEG,0
2106,n09398076_20862.JPEG,1
3088,883.jpeg,2
735,n09398076_19709.JPEG,1
1984,n02958343_4286.JPEG,0
1662,n09398076_10827.JPEG,1
3506,994.jpeg,2
3656,872.jpeg,2
2122,n02958343_21714.JPEG,0
442,n09398076_13239.JPEG,1
2310,n02958343_9992.JPEG,0
1963,n02958343_13479.JPEG,0
3213,793.jpeg,2
2142,n09398076_3457.JPEG,1
57,n09398076_4997.JPEG,1
624,n02958343_427.JPEG,0
340,n09398076_20174.JPEG,1
1184,n09398076_8253.JPEG,1
1742,n02958343_79662.JPEG,0
2002,n09398076_14684.JPEG,1
238,n09398076_612.JPEG,1
2860,558.jpeg,2
1876,n02958343_9398.JPEG,0
2103,n02958343_41207.JPEG,0
682,n09398076_8808.JPEG,1
1769,n02958343_11739.JPEG,0
457,n02958343_12198.JPEG,0
2429,n09398076_8835.JPEG,1
2157,n02958343_23503.JPEG,0
874,n02958343_9340.JPEG,0
1325,n02958343_8981.JPEG,0
3214,269.jpeg,2
1699,n02958343_79549.JPEG,0
1579,n02958343_4279.JPEG,0
3495,869.jpeg,2
2868,204.png,2
72,n02958343_62981.JPEG,0
2602,n09398076_12927.JPEG,1
2649,559.jpeg,2
421,n02958343_40148.JPEG,0
3012,135.jpeg,2
1414,n02958343_67324.JPEG,0
3125,801.jpeg,2
3444,127.jpeg,2
1060,n09398076_4796.JPEG,1
1460,n02958343_4533.JPEG,0
1511,n09398076_6553.JPEG,1
767,n09398076_2903.JPEG,1
1099,n02958343_10096.JPEG,0
1248,n02958343_13874.JPEG,0
781,n02958343_4354.JPEG,0
2320,n09398076_18105.JPEG,1
3342,566.jpeg,2
1619,n02958343_22657.JPEG,0
2074,n02958343_8712.JPEG,0
903,n09398076_8522.JPEG,1
2298,n02958343_5277.JPEG,0
3315,225.jpeg,2
164,n02958343_7861.JPEG,0
2319,n09398076_19871.JPEG,1
1714,n02958343_3980.JPEG,0
2267,n09398076_19768.JPEG,1
1729,n09398076_1347.JPEG,1
3433,473.jpeg,2
3069,909.jpeg,2
107,n09398076_14517.JPEG,1
202,n02958343_83129.JPEG,0
636,n02958343_7735.JPEG,0
259,n02958343_4522.JPEG,0
1902,n09398076_1939.JPEG,1
2681,922.jpeg,2
2260,n02958343_38605.JPEG,0
1127,n02958343_4459.JPEG,0
864,n02958343_84284.JPEG,0
779,n09398076_2592.JPEG,1
2475,n09398076_791.JPEG,1
1472,n02958343_65072.JPEG,0
2077,n09398076_9565.JPEG,1
1384,n02958343_62565.JPEG,0
2372,n02958343_3024.JPEG,0
1755,n09398076_12094.JPEG,1
1387,n02958343_48994.JPEG,0
2758,754.jpeg,2
2420,n09398076_5145.JPEG,1
1117,n02958343_863.JPEG,0
1308,n09398076_1834.JPEG,1
2524,n09398076_2471.JPEG,1
1983,n02958343_7882.JPEG,0
917,n09398076_9005.JPEG,1
3669,599.jpeg,2
446,n02958343_51670.JPEG,0
1664,n02958343_1496.JPEG,0
3162,750.jpeg,2
356,n09398076_433.JPEG,1
1389,n09398076_7322.JPEG,1
2162,n02958343_10268.JPEG,0
3442,977.jpeg,2
355,n09398076_9430.JPEG,1
2333,n02958343_3723.JPEG,0
1096,n09398076_2831.JPEG,1
586,n02958343_14440.JPEG,0
3233,160.jpeg,2
3256,1051.jpeg,2
3060,362.jpeg,2
3251,79.jpeg,2
1652,n09398076_2498.JPEG,1
3200,947.jpeg,2
1104,n02958343_12116.JPEG,0
3029,661.png,2
1327,n09398076_19567.JPEG,1
40,n09398076_19841.JPEG,1
2078,n02958343_4550.JPEG,0
1656,n09398076_4251.JPEG,1
724,n09398076_8221.JPEG,1
2404,n09398076_13187.JPEG,1
1077,n09398076_30.JPEG,1
2213,n02958343_4383.JPEG,0
3093,662.png,2
589,n09398076_3534.JPEG,1
140,n02958343_11481.JPEG,0
1803,n09398076_7189.JPEG,1
639,n02958343_23287.JPEG,0
659,n09398076_6873.JPEG,1
2291,n09398076_13379.JPEG,1
1022,n02958343_19290.JPEG,0
1063,n09398076_20411.JPEG,1
613,n09398076_14598.JPEG,1
2902,1032.jpeg,2
1000,n09398076_11385.JPEG,1
629,n02958343_45443.JPEG,0
3151,728.jpeg,2
2321,n09398076_14339.JPEG,1
1520,n09398076_11097.JPEG,1
3673,219.jpeg,2
3653,258.jpeg,2
3503,632.png,2
317,n09398076_6337.JPEG,1
1098,n09398076_19873.JPEG,1
1600,n09398076_14623.JPEG,1
1809,n09398076_20652.JPEG,1
250,n02958343_13798.JPEG,0
2448,n02958343_13115.JPEG,0
1489,n09398076_13865.JPEG,1
1832,n09398076_5105.JPEG,1
128,n09398076_1808.JPEG,1
1894,n02958343_11117.JPEG,0
1911,n09398076_16866.JPEG,1
256,n02958343_9997.JPEG,0
158,n02958343_18761.JPEG,0
1116,n02958343_3638.JPEG,0
2383,n02958343_575.JPEG,0
1337,n09398076_14487.JPEG,1
3020,925.jpeg,2
1638,n02958343_5052.JPEG,0
1058,n09398076_6635.JPEG,1
1583,n02958343_56988.JPEG,0
568,n02958343_55082.JPEG,0
2176,n02958343_12866.JPEG,0
1279,n02958343_1150.JPEG,0
1321,n02958343_46878.JPEG,0
415,n09398076_2369.JPEG,1
1175,n09398076_16889.JPEG,1
2538,n02958343_13360.JPEG,0
1421,n02958343_482.JPEG,0
3198,1071.jpeg,2
1661,n09398076_10023.JPEG,1
989,n02958343_7698.JPEG,0
2148,n09398076_3630.JPEG,1
277,n02958343_3530.JPEG,0
3249,1047.jpeg,2
3242,1102.jpeg,2
784,n02958343_9858.JPEG,0
2368,n09398076_8338.JPEG,1
3190,22.jpeg,2
1982,n09398076_19583.JPEG,1
1189,n02958343_12978.JPEG,0
1496,n02958343_18813.JPEG,0
1875,n02958343_10631.JPEG,0
3055,749.jpeg,2
575,n09398076_8513.JPEG,1
287,n09398076_2579.JPEG,1
2177,n02958343_55286.JPEG,0
1605,n02958343_3462.JPEG,0
1254,n02958343_1412.JPEG,0
1589,n02958343_10663.JPEG,0
3032,837.jpeg,2
611,n09398076_2716.JPEG,1
2189,n09398076_11462.JPEG,1
994,n09398076_6518.JPEG,1
1121,n09398076_6680.JPEG,1
2711,781.jpeg,2
2806,850.jpeg,2
1815,n09398076_9469.JPEG,1
573,n09398076_625.JPEG,1
3024,163.jpeg,2
1692,n02958343_13450.JPEG,0
3627,839.jpg,2
500,n02958343_14538.JPEG,0
1425,n02958343_4716.JPEG,0
1938,n09398076_5704.JPEG,1
727,n09398076_17567.JPEG,1
2314,n02958343_6011.JPEG,0
962,n09398076_1230.JPEG,1
3407,340.jpeg,2
2139,n02958343_2032.JPEG,0
1306,n02958343_31601.JPEG,0
2554,n09398076_3265.JPEG,1
1897,n09398076_8387.JPEG,1
1256,n09398076_217.JPEG,1
1706,n09398076_3234.JPEG,1
3413,585.jpeg,2
1775,n02958343_11412.JPEG,0
1470,n02958343_5053.JPEG,0
2280,n09398076_1350.JPEG,1
1621,n09398076_1328.JPEG,1
2190,n02958343_62159.JPEG,0
3128,417.jpeg,2
3587,940.jpeg,2
3392,229.jpeg,2
761,n02958343_17031.JPEG,0
984,n02958343_3493.JPEG,0
1490,n09398076_109.JPEG,1
1955,n02958343_12557.JPEG,0
1752,n09398076_6483.JPEG,1
2988,57.jpeg,2
1261,n02958343_36348.JPEG,0
447,n02958343_9498.JPEG,0
3616,700.jpeg,2
271,n09398076_1014.JPEG,1
2526,n09398076_5187.JPEG,1
3519,255.jpeg,2
116,n02958343_10183.JPEG,0
743,n09398076_5910.JPEG,1
3421,35.jpeg,2
2192,n02958343_4942.JPEG,0
403,n09398076_19534.JPEG,1
813,n02958343_14054.JPEG,0
538,n02958343_3010.JPEG,0
2056,n09398076_1551.JPEG,1
594,n02958343_1063.JPEG,0
2266,n09398076_8196.JPEG,1
2830,889.jpeg,2
166,n09398076_2503.JPEG,1
1059,n09398076_11869.JPEG,1
1273,n02958343_4726.JPEG,0
1439,n09398076_20646.JPEG,1
249,n02958343_13472.JPEG,0
1429,n02958343_361.JPEG,0
292,n09398076_12270.JPEG,1
3290,1084.jpeg,2
1912,n09398076_2650.JPEG,1
1044,n02958343_11973.JPEG,0
1229,n09398076_1789.JPEG,1
860,n02958343_3668.JPEG,0
2661,1055.jpeg,2
698,n09398076_18921.JPEG,1
856,n02958343_85838.JPEG,0
2544,n02958343_6246.JPEG,0
2426,n02958343_12854.JPEG,0
1655,n09398076_8560.JPEG,1
2146,n09398076_2654.JPEG,1
740,n09398076_19077.JPEG,1
3,n02958343_2919.JPEG,0
658,n02958343_6050.JPEG,0
1574,n09398076_12062.JPEG,1
1148,n09398076_17468.JPEG,1
1504,n09398076_4812.JPEG,1
1300,n02958343_59044.JPEG,0
2625,689.jpeg,2
1262,n02958343_8133.JPEG,0
2795,387.jpeg,2
2522,n02958343_13515.JPEG,0
2004,n09398076_534.JPEG,1
571,n09398076_2985.JPEG,1
1594,n09398076_3683.JPEG,1
670,n02958343_10433.JPEG,0
3515,949.png,2
2956,247.jpeg,2
1206,n02958343_5757.JPEG,0
320,n09398076_2719.JPEG,1
3680,130.jpeg,2
2638,298.jpeg,2
3646,223.jpeg,2
2926,482.jpeg,2
3381,784.jpeg,2
1666,n02958343_25185.JPEG,0
2765,1019.jpeg,2
1008,n02958343_14717.JPEG,0
868,n02958343_11062.JPEG,0
1362,n02958343_4971.JPEG,0
120,n09398076_13063.JPEG,1
270,n02958343_11993.JPEG,0
839,n09398076_3563.JPEG,1
1219,n09398076_5926.JPEG,1
707,n02958343_74298.JPEG,0
1287,n02958343_4150.JPEG,0
2573,n02958343_12798.JPEG,0
3688,921.jpeg,2
2807,915.jpeg,2
289,n09398076_11947.JPEG,1
84,n09398076_1651.JPEG,1
749,n02958343_61122.JPEG,0
559,n09398076_20382.JPEG,1
2389,n02958343_42426.JPEG,0
239,n02958343_1843.JPEG,0
2343,n09398076_7427.JPEG,1
3428,536.jpeg,2
3436,832.jpeg,2
2378,n02958343_12412.JPEG,0
2361,n09398076_4586.JPEG,1
3461,259.jpeg,2
734,n02958343_84549.JPEG,0
894,n02958343_896.JPEG,0
2715,410.jpeg,2
222,n02958343_9010.JPEG,0
2185,n02958343_73218.JPEG,0
3247,422.jpeg,2
359,n02958343_37307.JPEG,0
3398,897.jpeg,2
1100,n09398076_13373.JPEG,1
1454,n09398076_5754.JPEG,1
2626,373.jpeg,2
861,n09398076_11331.JPEG,1
987,n02958343_11621.JPEG,0
1893,n02958343_38619.JPEG,0
1978,n09398076_17278.JPEG,1
3410,655.jpeg,2
1512,n02958343_3433.JPEG,0
1199,n09398076_6729.JPEG,1
3462,609.jpeg,2
3379,157.jpeg,2
1921,n02958343_13422.JPEG,0
741,n09398076_6599.JPEG,1
2610,n09398076_3368.JPEG,1
3600,311.jpeg,2
736,n09398076_7377.JPEG,1
2325,n02958343_1635.JPEG,0
2658,871.jpeg,2
55,n09398076_12033.JPEG,1
2151,n09398076_14573.JPEG,1
2487,n02958343_7092.JPEG,0
1435,n02958343_14225.JPEG,0
3237,926.jpeg,2
2316,n09398076_3914.JPEG,1
1353,n09398076_1388.JPEG,1
771,n09398076_2705.JPEG,1
2935,98.jpeg,2
1155,n02958343_9432.JPEG,0
3591,1099.jpeg,2
1711,n02958343_49720.JPEG,0
2825,407.jpeg,2
1731,n02958343_4451.JPEG,0
2421,n02958343_12048.JPEG,0
1066,n02958343_34203.JPEG,0
2308,n09398076_4707.JPEG,1
757,n09398076_3098.JPEG,1
1630,n02958343_25596.JPEG,0
3192,195.jpeg,2
2920,416.jpeg,2
1208,n02958343_56746.JPEG,0
1113,n09398076_166.JPEG,1
2406,n09398076_4005.JPEG,1
2468,n02958343_12617.JPEG,0
1451,n09398076_11073.JPEG,1
2330,n09398076_5568.JPEG,1
2496,n02958343_10892.JPEG,0
2566,n09398076_16028.JPEG,1
1846,n02958343_10883.JPEG,0
876,n09398076_831.JPEG,1
2548,n02958343_4724.JPEG,0
3623,491.jpeg,2
532,n02958343_263.JPEG,0
3559,405.jpeg,2
1532,n09398076_12833.JPEG,1
2131,n09398076_179.JPEG,1
3299,233.jpeg,2
946,n09398076_12013.JPEG,1
1035,n02958343_72225.JPEG,0
448,n02958343_13720.JPEG,0
2481,n09398076_7.JPEG,1
2737,650.jpeg,2
190,n09398076_8037.JPEG,1
614,n02958343_10898.JPEG,0
792,n02958343_6549.JPEG,0
1160,n02958343_11277.JPEG,0
3194,382.jpeg,2
2462,n02958343_42038.JPEG,0
806,n09398076_499.JPEG,1
219,n09398076_834.JPEG,1
3034,134.jpeg,2
2445,n02958343_10911.JPEG,0
1551,n09398076_7046.JPEG,1
3434,998.jpeg,2
63,n02958343_82924.JPEG,0
2512,n09398076_3491.JPEG,1
366,n02958343_5162.JPEG,0
1471,n09398076_1642.JPEG,1
416,n02958343_2583.JPEG,0
587,n02958343_3912.JPEG,0
857,n02958343_83278.JPEG,0
3455,520.jpeg,2
2268,n02958343_57192.JPEG,0
3497,185.jpeg,2
2776,201.jpeg,2
799,n09398076_2867.JPEG,1
3507,582.jpeg,2
226,n09398076_6219.JPEG,1
1236,n02958343_45216.JPEG,0
2286,n02958343_49145.JPEG,0
973,n02958343_12225.JPEG,0
745,n09398076_14025.JPEG,1
361,n02958343_54741.JPEG,0
2380,n02958343_48909.JPEG,0
2575,n09398076_12967.JPEG,1
3152,397.jpeg,2
551,n02958343_50273.JPEG,0
3581,852.jpeg,2
304,n02958343_3703.JPEG,0
136,n02958343_1517.JPEG,0
2020,n02958343_939.JPEG,0
2273,n02958343_1986.JPEG,0
329,n02958343_10991.JPEG,0
2456,n09398076_6133.JPEG,1
3139,913.jpeg,2
1721,n02958343_1521.JPEG,0
2279,n09398076_3961.JPEG,1
2415,n09398076_2207.JPEG,1
1196,n02958343_13356.JPEG,0
2293,n02958343_45804.JPEG,0
1608,n09398076_2673.JPEG,1
490,n09398076_9155.JPEG,1
1293,n02958343_7541.JPEG,0
1395,n02958343_14262.JPEG,0
1962,n09398076_13583.JPEG,1
2031,n09398076_4743.JPEG,1
2981,1028.jpeg,2
2751,187.jpeg,2
257,n09398076_6740.JPEG,1
2154,n02958343_7162.JPEG,0
2014,n09398076_8099.JPEG,1
2490,n02958343_75159.JPEG,0
3358,1066.jpeg,2
3567,393.jpeg,2
3042,1117.jpeg,2
601,n02958343_9290.JPEG,0
843,n02958343_62201.JPEG,0
242,n02958343_50886.JPEG,0
2000,n02958343_37014.JPEG,0
2460,n02958343_8204.JPEG,0
3390,550.jpeg,2
45,n02958343_3677.JPEG,0
662,n02958343_83429.JPEG,0
1376,n02958343_14710.JPEG,0
902,n02958343_839.JPEG,0
998,n09398076_1034.JPEG,1
2676,758.jpeg,2
786,n02958343_80662.JPEG,0
2110,n09398076_770.JPEG,1
2885,722.jpeg,2
474,n09398076_3802.JPEG,1
2729,312.jpeg,2
1738,n02958343_14674.JPEG,0
1006,n09398076_2701.JPEG,1
2124,n09398076_18960.JPEG,1
870,n09398076_5621.JPEG,1
1737,n09398076_4461.JPEG,1
1465,n09398076_9921.JPEG,1
2208,n09398076_4048.JPEG,1
47,n09398076_3439.JPEG,1
411,n09398076_15837.JPEG,1
1586,n09398076_6932.JPEG,1
3356,455.png,2
318,n02958343_3511.JPEG,0
561,n02958343_13502.JPEG,0
2644,365.jpeg,2
1359,n02958343_14600.JPEG,0
510,n09398076_6526.JPEG,1
835,n09398076_446.JPEG,1
3109,600.jpeg,2
2607,n02958343_14349.JPEG,0
25,n02958343_9154.JPEG,0
330,n02958343_11427.JPEG,0
1828,n02958343_7050.JPEG,0
1993,n02958343_12984.JPEG,0
1599,n09398076_1502.JPEG,1
1578,n09398076_8378.JPEG,1
1675,n02958343_12036.JPEG,0
132,n02958343_4725.JPEG,0
3021,1013.jpeg,2
3637,262.jpeg,2
2164,n09398076_591.JPEG,1
972,n09398076_4271.JPEG,1
1294,n09398076_3728.JPEG,1
809,n09398076_8324.JPEG,1
780,n09398076_2811.JPEG,1
2521,n02958343_6594.JPEG,0
3496,490.jpeg,2
2166,n02958343_206.JPEG,0
2680,413.png,2
3625,887.jpeg,2
2071,n09398076_21409.JPEG,1
2540,n09398076_7258.JPEG,1
2075,n09398076_2778.JPEG,1
1890,n09398076_19945.JPEG,1
2616,n09398076_11669.JPEG,1
2615,n02958343_8303.JPEG,0
557,n09398076_19677.JPEG,1
1556,n09398076_11546.JPEG,1
893,n02958343_71790.JPEG,0
3013,1100.jpeg,2
1003,n09398076_3046.JPEG,1
1745,n02958343_4779.JPEG,0
825,n02958343_53851.JPEG,0
2771,352.jpeg,2
1142,n02958343_14006.JPEG,0
3220,140.jpeg,2
3196,228.jpeg,2
1034,n02958343_9489.JPEG,0
3246,971.jpeg,2
27,n02958343_12566.JPEG,0
3416,356.jpeg,2
815,n09398076_6032.JPEG,1
220,n09398076_3317.JPEG,1
3474,760.jpeg,2
1767,n02958343_69159.JPEG,0
2289,n02958343_13514.JPEG,0
1379,n02958343_1546.JPEG,0
794,n02958343_20988.JPEG,0
515,n09398076_7507.JPEG,1
1169,n09398076_19178.JPEG,1
3045,821.jpeg,2
1400,n09398076_6992.JPEG,1
1463,n09398076_20969.JPEG,1
470,n02958343_14261.JPEG,0
732,n09398076_6049.JPEG,1
1419,n02958343_12668.JPEG,0
603,n02958343_4089.JPEG,0
1345,n09398076_2569.JPEG,1
206,n02958343_12317.JPEG,0
699,n09398076_3623.JPEG,1
92,n09398076_4528.JPEG,1
3263,176.jpeg,2
2847,1111.jpeg,2
3566,239.jpeg,2
2679,471.jpeg,2
2276,n09398076_19634.JPEG,1
3161,300.jpeg,2
2722,938.jpeg,2
3298,663.jpeg,2
1613,n09398076_7164.JPEG,1
1378,n09398076_9930.JPEG,1
2016,n09398076_712.JPEG,1
3175,63.jpeg,2
549,n02958343_520.JPEG,0
3179,341.jpeg,2
3628,242.jpeg,2
1053,n02958343_10405.JPEG,0
1812,n02958343_59734.JPEG,0
1960,n09398076_4858.JPEG,1
3002,573.jpeg,2
1842,n09398076_15333.JPEG,1
1497,n02958343_12509.JPEG,0
2055,n02958343_12639.JPEG,0
2502,n09398076_13974.JPEG,1
3293,232.jpeg,2
3618,645.jpeg,2
2865,734.jpeg,2
723,n09398076_11101.JPEG,1
1221,n09398076_9334.JPEG,1
1476,n09398076_8448.JPEG,1
465,n02958343_4489.JPEG,0
823,n09398076_6130.JPEG,1
627,n09398076_2056.JPEG,1
2305,n02958343_911.JPEG,0
2634,261.jpeg,2
364,n09398076_2334.JPEG,1
2987,676.jpeg,2
56,n02958343_21005.JPEG,0
1833,n09398076_14979.JPEG,1
880,n09398076_4264.JPEG,1
1365,n02958343_9561.JPEG,0
2125,n02958343_15769.JPEG,0
477,n02958343_5021.JPEG,0
89,n02958343_11628.JPEG,0
3636,798.jpeg,2
2580,n02958343_10840.JPEG,0
752,n02958343_2633.JPEG,0
2978,704.png,2
3597,891.jpeg,2
3690,188.jpeg,2
969,n09398076_8095.JPEG,1
1301,n02958343_13841.JPEG,0
3446,577.jpeg,2
2726,607.jpeg,2
929,n09398076_6772.JPEG,1
3168,183.jpeg,2
1944,n02958343_3594.JPEG,0
2753,538.jpeg,2
319,n09398076_10962.JPEG,1
2377,n09398076_17708.JPEG,1
2454,n02958343_20771.JPEG,0
1722,n02958343_11579.JPEG,0
2433,n09398076_1167.JPEG,1
3303,819.jpeg,2
2896,683.jpeg,2
2362,n02958343_13588.JPEG,0
3355,474.jpeg,2
1981,n02958343_4872.JPEG,0
1136,n02958343_9415.JPEG,0
3476,12.jpeg,2
2880,775.jpeg,2
2784,981.jpeg,2
3399,747.jpeg,2
2668,975.jpeg,2
1185,n09398076_6937.JPEG,1
2285,n02958343_13087.JPEG,0
1837,n02958343_12.JPEG,0
2814,145.jpeg,2
3537,1020.jpeg,2
377,n09398076_13518.JPEG,1
649,n09398076_15658.JPEG,1
3552,668.jpeg,2
154,n02958343_2903.JPEG,0
2011,n02958343_34460.JPEG,0
177,n09398076_2045.JPEG,1
1246,n09398076_4818.JPEG,1
1087,n09398076_10643.JPEG,1
3238,619.jpeg,2
1634,n09398076_9474.JPEG,1
294,n02958343_5623.JPEG,0
2791,27.jpeg,2
2510,n09398076_8753.JPEG,1
3491,306.jpeg,2
3487,664.jpeg,2
3504,1108.jpeg,2
33,n09398076_1928.JPEG,1
2736,200.jpeg,2
1696,n02958343_2111.JPEG,0
591,n02958343_10531.JPEG,0
3204,551.jpeg,2
1679,n02958343_18972.JPEG,0
1209,n09398076_20559.JPEG,1
3634,1083.jpeg,2
2903,457.jpeg,2
980,n02958343_3160.JPEG,0
3203,101.jpeg,2
2128,n09398076_13292.JPEG,1
935,n02958343_45201.JPEG,0
2660,349.jpeg,2
3447,824.jpeg,2
2513,n09398076_19313.JPEG,1
2642,277.jpeg,2
3248,588.jpeg,2
66,n02958343_72525.JPEG,0
2449,n02958343_43568.JPEG,0
486,n02958343_93.JPEG,0
118,n02958343_49.JPEG,0
2958,302.jpeg,2
2283,n02958343_10435.JPEG,0
915,n02958343_1543.JPEG,0
521,n02958343_6979.JPEG,0
1783,n09398076_17436.JPEG,1
2686,543.jpeg,2
1458,n02958343_4392.JPEG,0
2530,n09398076_1746.JPEG,1
2399,n02958343_11191.JPEG,0
2489,n09398076_18750.JPEG,1
1807,n09398076_586.JPEG,1
3577,444.jpeg,2
2970,288.jpeg,2
596,n09398076_6552.JPEG,1
1354,n09398076_1428.JPEG,1
1151,n02958343_29013.JPEG,0
2062,n09398076_888.JPEG,1
3441,86.jpeg,2
3419,213.jpeg,2
1820,n02958343_4764.JPEG,0
3119,529.jpeg,2
3302,318.png,2
2713,105.jpeg,2
1525,n02958343_52488.JPEG,0
1266,n02958343_9966.JPEG,0
2352,n09398076_13542.JPEG,1
1864,n02958343_13346.JPEG,0
2677,308.jpeg,2
3184,75.jpeg,2
3268,1006.jpeg,2
1054,n02958343_50655.JPEG,0
358,n09398076_4004.JPEG,1
2947,640.jpeg,2
2350,n02958343_9869.JPEG,0
1244,n02958343_10089.JPEG,0
1683,n02958343_7489.JPEG,0
3362,815.jpeg,2
3118,179.jpeg,2
3241,137.jpeg,2
854,n09398076_19736.JPEG,1
765,n09398076_3268.JPEG,1
2021,n02958343_6021.JPEG,0
1841,n09398076_4760.JPEG,1
1779,n09398076_4017.JPEG,1
3412,62.jpeg,2
3509,347.jpeg,2
1299,n09398076_1442.JPEG,1
508,n09398076_10194.JPEG,1
272,n09398076_1778.JPEG,1
2525,n09398076_4632.JPEG,1
1170,n02958343_11605.JPEG,0
2255,n02958343_70322.JPEG,0
2182,n02958343_9375.JPEG,0
1555,n09398076_1217.JPEG,1
1676,n02958343_282.JPEG,0
2155,n02958343_14653.JPEG,0
1437,n09398076_9710.JPEG,1
2943,139.jpeg,2
819,n02958343_12067.JPEG,0
797,n09398076_497.JPEG,1
176,n09398076_20554.JPEG,1
3176,992.jpeg,2
827,n09398076_15928.JPEG,1
1173,n09398076_16237.JPEG,1
513,n02958343_11088.JPEG,0
2798,554.jpeg,2
3348,1046.jpeg,2
2861,108.jpeg,2
296,n09398076_4644.JPEG,1
2801,942.jpeg,2
3234,530.jpeg,2
2744,67.jpeg,2
3177,849.png,2
2917,800.jpeg,2
2202,n02958343_5990.JPEG,0
2042,n09398076_6221.JPEG,1
82,n09398076_9988.JPEG,1
3191,480.jpeg,2
1607,n02958343_14608.JPEG,0
965,n02958343_12840.JPEG,0
750,n09398076_2201.JPEG,1
2265,n09398076_3669.JPEG,1
1892,n09398076_11245.JPEG,1
2388,n02958343_14321.JPEG,0
548,n09398076_10739.JPEG,1
3314,858.jpeg,2
821,n02958343_24294.JPEG,0
2836,974.jpeg,2
928,n02958343_22067.JPEG,0
2144,n09398076_8252.JPEG,1
952,n02958343_147.JPEG,0
2773,978.jpeg,2
1177,n09398076_402.JPEG,1
2841,831.jpeg,2
1055,n02958343_53735.JPEG,0
2432,n02958343_856.JPEG,0
787,n02958343_4128.JPEG,0
671,n09398076_14009.JPEG,1
3510,717.jpeg,2
3449,90.jpeg,2
3051,876.jpeg,2
2057,n02958343_52178.JPEG,0
642,n09398076_15727.JPEG,1
2774,66.jpeg,2
433,n02958343_1211.JPEG,0
954,n09398076_19901.JPEG,1
1609,n02958343_7592.JPEG,0
3549,845.jpeg,2
1940,n09398076_10081.JPEG,1
3187,746.jpeg,2
1667,n09398076_2840.JPEG,1
1571,n02958343_65450.JPEG,0
2648,572.png,2
2674,133.jpeg,2
2501,n09398076_17847.JPEG,1
3186,592.jpeg,2
0,n09398076_7229.JPEG,1
2206,n09398076_14347.JPEG,1
2197,n09398076_13772.JPEG,1
2816,1035.jpeg,2
307,n02958343_44280.JPEG,0
1212,n09398076_964.JPEG,1
512,n09398076_11644.JPEG,1
810,n02958343_6902.JPEG,0
2059,n09398076_5360.JPEG,1
2703,502.jpeg,2
1587,n02958343_14513.JPEG,0
2357,n02958343_12679.JPEG,0
2732,579.jpeg,2
2976,764.jpeg,2
2411,n09398076_5987.JPEG,1
1786,n02958343_6096.JPEG,0
223,n09398076_12486.JPEG,1
3403,1119.jpeg,2
1026,n09398076_14730.JPEG,1
498,n02958343_13459.JPEG,0
3533,783.jpeg,2
2869,953.png,2
1647,n09398076_2368.JPEG,1
254,n02958343_5094.JPEG,0
789,n09398076_3607.JPEG,1
3047,460.jpeg,2
24,n09398076_13555.JPEG,1
471,n09398076_1190.JPEG,1
1873,n02958343_80445.JPEG,0
851,n02958343_15654.JPEG,0
793,n09398076_1861.JPEG,1
3274,361.jpeg,2
1453,n09398076_10768.JPEG,1
2637,1038.jpeg,2
332,n09398076_8398.JPEG,1
1508,n09398076_6021.JPEG,1
1352,n09398076_9206.JPEG,1
3279,273.jpeg,2
910,n02958343_76720.JPEG,0
3531,557.jpeg,2
32,n09398076_15667.JPEG,1
2629,47.jpeg,2
2271,n02958343_13937.JPEG,0
303,n09398076_10596.JPEG,1
283,n09398076_9317.JPEG,1
425,n02958343_29191.JPEG,0
907,n09398076_1698.JPEG,1
2939,343.jpeg,2
2181,n02958343_14043.JPEG,0
522,n02958343_23296.JPEG,0
3084,616.jpeg,2
341,n02958343_7211.JPEG,0
141,n02958343_4294.JPEG,0
3354,1011.jpeg,2
2632,324.jpeg,2
2556,n09398076_13483.JPEG,1
3344,1103.jpeg,2
2884,958.jpeg,2
774,n09398076_1821.JPEG,1
2175,n02958343_12902.JPEG,0
1280,n02958343_10397.JPEG,0
585,n02958343_10601.JPEG,0
567,n09398076_16196.JPEG,1
2344,n02958343_8386.JPEG,0
783,n02958343_67454.JPEG,0
1182,n09398076_3460.JPEG,1
2914,787.jpeg,2
2506,n02958343_73080.JPEG,0
152,n02958343_35817.JPEG,0
633,n09398076_6837.JPEG,1
1691,n09398076_13710.JPEG,1
3149,682.jpeg,2
373,n02958343_5521.JPEG,0
1167,n02958343_60159.JPEG,0
1749,n09398076_3870.JPEG,1
2463,n09398076_6844.JPEG,1
1709,n02958343_3979.JPEG,0
1502,n02958343_409.JPEG,0
22,n02958343_56340.JPEG,0
625,n02958343_10567.JPEG,0
3363,395.jpeg,2
976,n02958343_69251.JPEG,0
1405,n02958343_3662.JPEG,0
518,n09398076_6271.JPEG,1
3459,936.jpeg,2
2549,n09398076_213.JPEG,1
2592,n02958343_9729.JPEG,0
127,n02958343_2753.JPEG,0
101,n02958343_12260.JPEG,0
236,n02958343_6190.JPEG,0
556,n02958343_7316.JPEG,0
2196,n02958343_14126.JPEG,0
3517,740.jpeg,2
2379,n09398076_6744.JPEG,1
2873,333.jpeg,2
1164,n02958343_6099.JPEG,0
1283,n09398076_1013.JPEG,1
2138,n02958343_5985.JPEG,0
3206,290.jpeg,2
3469,367.jpeg,2
622,n02958343_10891.JPEG,0
695,n02958343_13170.JPEG,0
841,n02958343_58835.JPEG,0
1577,n09398076_15996.JPEG,1
1343,n02958343_32300.JPEG,0
3524,469.jpeg,2
2503,n02958343_10384.JPEG,0
443,n02958343_5239.JPEG,0
2849,718.jpeg,2
3275,731.jpeg,2
62,n09398076_13897.JPEG,1
1593,n09398076_13288.JPEG,1
2842,1054.jpeg,2
2766,539.jpeg,2
873,n09398076_3624.JPEG,1
2101,n02958343_13005.JPEG,0
3043,122.jpeg,2
3570,901.jpeg,2
397,n02958343_10036.JPEG,0
186,n02958343_8490.JPEG,0
2821,391.jpeg,2
2370,n09398076_470.JPEG,1
2829,923.jpeg,2
966,n02958343_9642.JPEG,0
3143,143.jpeg,2
2787,313.jpeg,2
2398,n09398076_259.JPEG,1
1056,n02958343_12923.JPEG,0
1499,n09398076_16492.JPEG,1
1887,n02958343_7586.JPEG,0
484,n09398076_8746.JPEG,1
3147,1033.jpeg,2
1444,n09398076_12211.JPEG,1
3083,246.jpeg,2
1977,n09398076_301.JPEG,1
1130,n02958343_47332.JPEG,0
473,n02958343_3474.JPEG,0
1726,n09398076_8845.JPEG,1
630,n02958343_6089.JPEG,0
2113,n02958343_10801.JPEG,0
2822,542.jpeg,2
2741,88.jpeg,2
2227,n09398076_3138.JPEG,1
1509,n09398076_3818.JPEG,1
467,n02958343_7898.JPEG,0
1118,n09398076_7413.JPEG,1
2392,n09398076_15388.JPEG,1
2066,n02958343_92.JPEG,0
1734,n02958343_18998.JPEG,0
956,n02958343_81808.JPEG,0
398,n02958343_28408.JPEG,0
3166,34.jpeg,2
1474,n02958343_54204.JPEG,0
1215,n02958343_3242.JPEG,0
3394,878.jpeg,2
2043,n09398076_2109.JPEG,1
327,n02958343_8180.JPEG,0
2604,n09398076_959.JPEG,1
221,n02958343_54332.JPEG,0
3373,792.jpeg,2
2104,n09398076_5258.JPEG,1
3643,761.jpeg,2
3609,756.png,2
3008,6.jpeg,2
1062,n09398076_7215.JPEG,1
2651,109.jpeg,2
2053,n09398076_14712.JPEG,1
2793,692.jpeg,2
1140,n09398076_2928.JPEG,1
183,n02958343_10062.JPEG,0
634,n02958343_9632.JPEG,0
2497,n02958343_5794.JPEG,0
3092,641.jpeg,2
1007,n02958343_14055.JPEG,0
2834,759.jpeg,2
2188,n09398076_5178.JPEG,1
3003,820.jpeg,2
1322,n09398076_7899.JPEG,1
812,n02958343_81854.JPEG,0
3622,868.jpeg,2
3395,23.jpeg,2
2232,n02958343_11256.JPEG,0
3307,634.jpeg,2
1083,n09398076_1705.JPEG,1
1872,n09398076_694.JPEG,1
1071,n02958343_44909.JPEG,0
3292,398.jpeg,2
1550,n09398076_8933.JPEG,1
126,n09398076_19955.JPEG,1
2811,329.jpeg,2
1669,n02958343_1557.JPEG,0
983,n09398076_17355.JPEG,1
2015,n09398076_463.JPEG,1
2173,n02958343_14718.JPEG,0
2974,16.jpeg,2
3457,465.jpeg,2
863,n02958343_9189.JPEG,0
1569,n02958343_9665.JPEG,0
610,n02958343_9355.JPEG,0
3218,843.jpeg,2
3134,856.jpeg,2
651,n02958343_13919.JPEG,0
119,n02958343_3634.JPEG,0
2636,518.jpeg,2
1484,n02958343_24245.JPEG,0
1272,n02958343_55279.JPEG,0
1243,n02958343_14259.JPEG,0
1702,n09398076_604.JPEG,1
2114,n02958343_4952.JPEG,0
314,n09398076_10898.JPEG,1
215,n02958343_2265.JPEG,0
3654,608.jpeg,2
1015,n02958343_48331.JPEG,0
605,n02958343_23162.JPEG,0
2900,512.jpeg,2
1442,n02958343_77312.JPEG,0
130,n09398076_4726.JPEG,1
3014,1012.jpeg,2
3583,151.jpeg,2
1852,n02958343_5863.JPEG,0
3300,726.jpeg,2
1304,n02958343_11262.JPEG,0
834,n09398076_2946.JPEG,1
2731,596.jpeg,2
1234,n02958343_30.JPEG,0
3265,930.jpeg,2
3615,429.jpeg,2
1870,n09398076_10486.JPEG,1
3550,238.jpeg,2
3096,138.jpeg,2
1790,n02958343_20054.JPEG,0
428,n09398076_1176.JPEG,1
3520,486.jpeg,2
3243,834.jpeg,2
1020,n09398076_1148.JPEG,1
2218,n02958343_4929.JPEG,0
1688,n09398076_8899.JPEG,1
1101,n02958343_29460.JPEG,0
3146,905.jpeg,2
2296,n02958343_13521.JPEG,0
3580,743.png,2
744,n09398076_10906.JPEG,1
458,n09398076_5237.JPEG,1
3530,107.jpeg,2
3316,675.jpeg,2
1039,n02958343_39171.JPEG,0
1314,n09398076_7334.JPEG,1
201,n02958343_4414.JPEG,0
285,n09398076_2367.JPEG,1
2662,771.png,2
791,n02958343_9925.JPEG,0
906,n02958343_9535.JPEG,0
677,n09398076_8173.JPEG,1
3338,1050.jpeg,2
1906,n02958343_14132.JPEG,0
2226,n09398076_6591.JPEG,1
49,n09398076_1239.JPEG,1
2163,n09398076_9174.JPEG,1
2480,n02958343_13142.JPEG,0
563,n09398076_18885.JPEG,1
1241,n09398076_14113.JPEG,1
1561,n02958343_22981.JPEG,0
3573,844.jpeg,2
1701,n09398076_6496.JPEG,1
2890,816.jpeg,2
1781,n09398076_1326.JPEG,1
343,n09398076_8572.JPEG,1
3561,956.jpeg,2
1052,n09398076_19780.JPEG,1
2051,n09398076_6539.JPEG,1
951,n02958343_76137.JPEG,0
2419,n09398076_4404.JPEG,1
2571,n02958343_2882.JPEG,0
1107,n02958343_6738.JPEG,0
1859,n02958343_1821.JPEG,0
301,n02958343_31828.JPEG,0
1635,n02958343_9165.JPEG,0
1019,n09398076_16241.JPEG,1
1084,n09398076_8062.JPEG,1
1152,n02958343_16580.JPEG,0
675,n02958343_903.JPEG,0
2272,n02958343_76983.JPEG,0
1479,n09398076_16026.JPEG,1
2136,n02958343_9570.JPEG,0
2239,n02958343_5489.JPEG,0
2611,n02958343_10682.JPEG,0
3057,1091.jpeg,2
1455,n02958343_9353.JPEG,0
157,n02958343_82100.JPEG,0
1360,n09398076_2392.JPEG,1
709,n09398076_7297.JPEG,1
3655,29.jpeg,2
346,n09398076_14770.JPEG,1
2033,n09398076_7003.JPEG,1
1009,n02958343_11955.JPEG,0
3639,777.jpeg,2
3025,533.jpeg,2
252,n02958343_14598.JPEG,0
54,n02958343_3098.JPEG,0
455,n02958343_75895.JPEG,0
1469,n09398076_18821.JPEG,1
1805,n02958343_8273.JPEG,0
2224,n09398076_11365.JPEG,1
1510,n02958343_13043.JPEG,0
2311,n02958343_52614.JPEG,0
1064,n09398076_2781.JPEG,1
336,n09398076_6262.JPEG,1
1867,n09398076_10748.JPEG,1
1492,n02958343_1186.JPEG,0
3294,727.jpeg,2
3164,615.jpeg,2
372,n02958343_84805.JPEG,0
3048,1005.jpeg,2
2346,n02958343_2088.JPEG,0
210,n02958343_28760.JPEG,0
1120,n09398076_6570.JPEG,1
3582,501.jpeg,2
1575,n02958343_11323.JPEG,0
3046,517.png,2
273,n02958343_3370.JPEG,0
1606,n02958343_4694.JPEG,0
299,n02958343_1100.JPEG,0
2514,n02958343_4480.JPEG,0
2742,979.jpeg,2
2369,n09398076_17378.JPEG,1
3357,403.jpeg,2
2179,n09398076_7395.JPEG,1
3681,425.jpeg,2
710,n02958343_7863.JPEG,0
3224,445.png,2
2209,n02958343_11600.JPEG,0
2535,n09398076_9596.JPEG,1
668,n02958343_11614.JPEG,0
3328,462.jpeg,2
2963,230.jpeg,2
3479,633.jpeg,2
1332,n09398076_2475.JPEG,1
2581,n02958343_8313.JPEG,0
916,n02958343_5121.JPEG,0
1762,n02958343_2428.JPEG,0
1023,n02958343_5061.JPEG,0
3229,547.jpeg,2
702,n02958343_8811.JPEG,0
3201,802.jpeg,2
1250,n09398076_5054.JPEG,1
2257,n09398076_7304.JPEG,1
1344,n09398076_17100.JPEG,1
2845,827.jpeg,2
2768,647.jpeg,2
1663,n09398076_953.JPEG,1
70,n09398076_12317.JPEG,1
1834,n09398076_2810.JPEG,1
1115,n02958343_10008.JPEG,0
3123,102.jpeg,2
3364,680.jpeg,2
321,n09398076_6790.JPEG,1
83,n09398076_18832.JPEG,1
2337,n09398076_13562.JPEG,1
1672,n02958343_6912.JPEG,0
960,n02958343_9478.JPEG,0
2052,n09398076_4123.JPEG,1
1570,n09398076_11527.JPEG,1
2264,n02958343_3398.JPEG,0
1869,n09398076_20245.JPEG,1
3033,564.jpeg,2
3131,769.jpeg,2
363,n09398076_6523.JPEG,1
2827,1015.jpeg,2
2424,n02958343_7980.JPEG,0
1493,n02958343_2973.JPEG,0
3475,330.jpeg,2
1743,n09398076_15709.JPEG,1
2442,n09398076_4508.JPEG,1
112,n09398076_15476.JPEG,1
3518,605.jpeg,2
1305,n09398076_13139.JPEG,1
2336,n09398076_7174.JPEG,1
2574,n02958343_14733.JPEG,0
1915,n09398076_14917.JPEG,1
3235,1010.jpeg,2
991,n02958343_12439.JPEG,0
1529,n09398076_13803.JPEG,1
1961,n09398076_19391.JPEG,1
482,n02958343_26752.JPEG,0
1935,n09398076_20799.JPEG,1
656,n02958343_1946.JPEG,0
1218,n09398076_1433.JPEG,1
2872,763.jpeg,2
2345,n09398076_17151.JPEG,1
3431,1016.jpeg,2
2032,n09398076_3772.JPEG,1
3470,737.jpeg,2
1180,n09398076_9740.JPEG,1
2444,n09398076_11653.JPEG,1
3647,389.jpeg,2
2997,94.jpeg,2
1735,n09398076_5730.JPEG,1
1338,n09398076_2523.JPEG,1
3661,937.jpeg,2
1047,n09398076_2790.JPEG,1
606,n09398076_317.JPEG,1
75,n09398076_3166.JPEG,1
2767,493.jpeg,2
2183,n09398076_20104.JPEG,1
1521,n09398076_19486.JPEG,1
2438,n02958343_7420.JPEG,0
3393,696.jpeg,2
3369,19.jpeg,2
2017,n09398076_15111.JPEG,1
2780,597.jpeg,2
3657,521.jpeg,2
3614,583.jpeg,2
2028,n02958343_28421.JPEG,0
2927,178.jpeg,2
2898,396.jpeg,2
895,n09398076_11815.JPEG,1
2473,n02958343_51833.JPEG,0
10,n02958343_21666.JPEG,0
1501,n09398076_10340.JPEG,1
3070,648.png,2
1674,n09398076_19421.JPEG,1
1922,n02958343_5864.JPEG,0
3439,131.jpeg,2
2940,713.jpeg,2
3406,593.jpeg,2
316,n02958343_80931.JPEG,0
85,n02958343_12784.JPEG,0
2907,154.jpeg,2
2251,n02958343_44862.JPEG,0
1926,n09398076_19723.JPEG,1
848,n02958343_36782.JPEG,0
1043,n09398076_2186.JPEG,1
3608,716.jpeg,2
807,n02958343_10259.JPEG,0
872,n02958343_13280.JPEG,0
2730,1059.jpeg,2
1988,n02958343_4486.JPEG,0
3589,541.png,2
683,n09398076_10430.JPEG,1
1412,n02958343_175.JPEG,0
2169,n02958343_13274.JPEG,0
2533,n09398076_6994.JPEG,1
3333,989.jpeg,2
2048,n09398076_2865.JPEG,1
18,n02958343_2392.JPEG,0
1969,n02958343_37775.JPEG,0
240,n09398076_12604.JPEG,1
2928,20.jpeg,2
1122,n09398076_2362.JPEG,1
2568,n02958343_12792.JPEG,0
1211,n09398076_3205.JPEG,1
2622,n02958343_8068.JPEG,0
86,n02958343_14708.JPEG,0
607,n09398076_19920.JPEG,1
2318,n02958343_13941.JPEG,0
3452,432.jpeg,2
3555,957.jpeg,2
1257,n09398076_9095.JPEG,1
2047,n09398076_79.JPEG,1
2859,1097.jpeg,2
2098,n02958343_5126.JPEG,0
1998,n09398076_13351.JPEG,1
3493,243.jpeg,2
1018,n02958343_44103.JPEG,0
1975,n09398076_6736.JPEG,1
3378,507.jpeg,2
64,n02958343_11718.JPEG,0
1390,n09398076_2913.JPEG,1
1181,n09398076_3622.JPEG,1
143,n09398076_996.JPEG,1
2716,943.jpeg,2
719,n09398076_11048.JPEG,1
1403,n09398076_4202.JPEG,1
3620,622.png,2
3353,531.jpeg,2
1356,n09398076_3267.JPEG,1
1106,n02958343_1099.JPEG,0
2259,n09398076_6106.JPEG,1
1949,n09398076_3239.JPEG,1
1146,n09398076_2621.JPEG,1
3172,642.jpeg,2
1827,n09398076_276.JPEG,1
1255,n02958343_14242.JPEG,0
1125,n02958343_72354.JPEG,0
3539,853.jpeg,2
2946,990.jpeg,2
1431,n09398076_10037.JPEG,1
3367,907.jpeg,2
1147,n02958343_14459.JPEG,0
3174,838.jpeg,2
3056,56.jpeg,2
1646,n02958343_13866.JPEG,0
39,n02958343_10843.JPEG,0
1549,n09398076_7203.JPEG,1
2854,1003.jpeg,2
312,n09398076_9894.JPEG,1
3156,1121.jpeg,2
2856,489.jpeg,2
2734,71.jpeg,2
802,n02958343_10307.JPEG,0
1562,n02958343_12396.JPEG,0
2582,n09398076_4231.JPEG,1
371,n09398076_3979.JPEG,1
1761,n09398076_8606.JPEG,1
566,n09398076_2078.JPEG,1
2702,797.jpeg,2
1994,n02958343_2872.JPEG,0
986,n02958343_13594.JPEG,0
450,n02958343_9638.JPEG,0
2727,257.jpeg,2
2441,n09398076_15357.JPEG,1
1277,n09398076_1635.JPEG,1
3631,235.jpeg,2
444,n09398076_12831.JPEG,1
2867,671.jpeg,2
2102,n02958343_59645.JPEG,0
1757,n02958343_18688.JPEG,0
3288,818.jpeg,2
3061,732.jpeg,2
451,n09398076_19290.JPEG,1
2275,n09398076_10.JPEG,1
3466,222.jpeg,2
1518,n09398076_1526.JPEG,1
1178,n09398076_10705.JPEG,1
175,n02958343_11700.JPEG,0
162,n02958343_2928.JPEG,0
115,n09398076_11893.JPEG,1
2107,n09398076_4480.JPEG,1
315,n02958343_80457.JPEG,0
584,n09398076_20634.JPEG,1
1340,n02958343_4720.JPEG,0
970,n02958343_3541.JPEG,0
2749,353.jpeg,2
3112,315.jpeg,2
496,n09398076_980.JPEG,1
2848,574.jpeg,2
2986,226.jpeg,2
3169,479.jpeg,2
1849,n09398076_345.JPEG,1
1187,n02958343_1902.JPEG,0
499,n09398076_17267.JPEG,1
1536,n02958343_3350.JPEG,0
2534,n09398076_6079.JPEG,1
3687,864.jpeg,2
3512,982.jpeg,2
35,n02958343_29891.JPEG,0
747,n09398076_2379.JPEG,1
1386,n02958343_257.JPEG,0
3526,691.jpeg,2
2959,752.jpeg,2
1658,n09398076_6069.JPEG,1
46,n09398076_7344.JPEG,1
3663,126.jpeg,2
1328,n02958343_11728.JPEG,0
90,n09398076_19249.JPEG,1
280,n02958343_2268.JPEG,0
1967,n02958343_12870.JPEG,0
1505,n02958343_2292.JPEG,0
862,n02958343_10694.JPEG,0
2099,n09398076_4520.JPEG,1
2694,1034.jpeg,2
3626,757.jpeg,2
1381,n02958343_6375.JPEG,0
1296,n09398076_5330.JPEG,1
850,n02958343_13803.JPEG,0
2301,n09398076_4467.JPEG,1
1558,n02958343_9895.JPEG,0
2241,n09398076_1256.JPEG,1
3594,385.jpeg,2
3563,409.png,2
207,n09398076_5992.JPEG,1
3564,540.jpeg,2
3054,319.jpeg,2
178,n09398076_1607.JPEG,1
2304,n02958343_11685.JPEG,0
536,n09398076_1378.JPEG,1
2133,n09398076_5765.JPEG,1
1466,n09398076_6117.JPEG,1
3674,649.jpeg,2
1223,n09398076_12170.JPEG,1
853,n02958343_3479.JPEG,0
3569,686.jpeg,2
1128,n09398076_15750.JPEG,1
3422,881.jpeg,2
2561,n02958343_9760.JPEG,0
2041,n09398076_395.JPEG,1
422,n02958343_14739.JPEG,0
432,n02958343_12752.JPEG,0
2707,767.png,2
1329,n02958343_14515.JPEG,0
661,n09398076_6202.JPEG,1
1010,n02958343_9357.JPEG,0
3437,561.jpeg,2
1985,n02958343_3011.JPEG,0
2366,n02958343_46339.JPEG,0
1950,n09398076_21058.JPEG,1
1269,n02958343_3365.JPEG,0
2779,714.jpeg,2
3644,331.jpeg,2
1566,n09398076_5240.JPEG,1
3291,452.png,2
53,n02958343_25739.JPEG,0
865,n02958343_2269.JPEG,0
3099,991.jpeg,2
3313,337.jpeg,2
1654,n02958343_63861.JPEG,0
1760,n02958343_1359.JPEG,0
820,n02958343_11704.JPEG,0
1671,n09398076_9891.JPEG,1
3089,929.jpeg,2
897,n09398076_19505.JPEG,1
2752,1018.jpeg,2
3185,438.jpeg,2
2954,36.jpeg,2
1813,n09398076_11172.JPEG,1
838,n02958343_148.JPEG,0
1388,n02958343_69750.JPEG,0
632,n02958343_4750.JPEG,0
729,n09398076_5858.JPEG,1
875,n09398076_5206.JPEG,1
1285,n09398076_20608.JPEG,1
102,n02958343_14428.JPEG,0
524,n09398076_4165.JPEG,1
550,n09398076_7102.JPEG,1
2027,n02958343_12943.JPEG,0
1547,n09398076_892.JPEG,1
3585,628.jpeg,2
1604,n02958343_11999.JPEG,0
2748,703.jpeg,2
1226,n02958343_64370.JPEG,0
2477,n02958343_8028.JPEG,0
2309,n02958343_72769.JPEG,0
3082,231.jpeg,2
2413,n09398076_7062.JPEG,1
2723,892.jpeg,2
537,n09398076_248.JPEG,1
2152,n02958343_8919.JPEG,0
419,n09398076_12404.JPEG,1
2327,n09398076_4156.JPEG,1
3150,378.jpeg,2
2425,n09398076_5297.JPEG,1
772,n09398076_10715.JPEG,1
1924,n09398076_411.JPEG,1
436,n02958343_14666.JPEG,0
1168,n02958343_10032.JPEG,0
3584,278.jpeg,2
13,n09398076_3562.JPEG,1
3389,100.jpeg,2
2171,n09398076_846.JPEG,1
1948,n09398076_7002.JPEG,1
1097,n09398076_7477.JPEG,1
1393,n02958343_8307.JPEG,0
1986,n02958343_13733.JPEG,0
410,n09398076_3745.JPEG,1
1204,n09398076_8551.JPEG,1
2620,n09398076_319.JPEG,1
552,n09398076_1206.JPEG,1
2108,n02958343_13084.JPEG,0
2973,637.jpeg,2
1874,n02958343_80339.JPEG,0
2932,314.jpeg,2
2724,26.jpeg,2
3199,414.jpeg,2
3593,805.jpeg,2
2414,n09398076_14999.JPEG,1
1258,n02958343_65847.JPEG,0
2614,n02958343_63707.JPEG,0
3210,156.jpeg,2
3157,307.png,2
122,n02958343_13760.JPEG,0
2563,n02958343_3339.JPEG,0
2564,n09398076_5880.JPEG,1
1923,n09398076_19579.JPEG,1
2797,104.jpeg,2
2326,n02958343_3766.JPEG,0
1339,n02958343_3243.JPEG,0
3386,946.jpeg,2
2332,n02958343_28376.JPEG,0
2214,n09398076_343.JPEG,1
2132,n09398076_7527.JPEG,1
2376,n02958343_10463.JPEG,0
1278,n02958343_72321.JPEG,0
2921,695.jpeg,2
1445,n09398076_18806.JPEG,1
3371,511.jpeg,2
468,n09398076_15424.JPEG,1
3319,730.jpeg,2
3454,873.jpeg,2
1905,n02958343_8347.JPEG,0
2999,1053.jpeg,2
1507,n02958343_49249.JPEG,0
278,n09398076_1241.JPEG,1
135,n02958343_49953.JPEG,0
3080,724.jpeg,2
2242,n02958343_47622.JPEG,0
2688,955.jpeg,2
560,n02958343_12154.JPEG,0
2073,n09398076_2418.JPEG,1
187,n09398076_9051.JPEG,1
1440,n09398076_9782.JPEG,1
3648,673.jpeg,2
3538,916.jpeg,2
1430,n09398076_1770.JPEG,1
2500,n02958343_60929.JPEG,0
95,n02958343_4594.JPEG,0
434,n02958343_7961.JPEG,0
2812,796.jpeg,2
2023,n09398076_8836.JPEG,1
2225,n09398076_7588.JPEG,1
3005,709.jpeg,2
1899,n09398076_4292.JPEG,1
3122,381.jpeg,2
790,n02958343_13966.JPEG,0
1618,n02958343_4363.JPEG,0
2165,n09398076_3893.JPEG,1
1323,n09398076_5436.JPEG,1
937,n09398076_1969.JPEG,1
2567,n09398076_2496.JPEG,1
553,n09398076_2950.JPEG,1
1288,n09398076_6193.JPEG,1
2194,n02958343_9299.JPEG,0
2833,535.jpeg,2
1517,n09398076_20375.JPEG,1
1785,n02958343_9081.JPEG,0
1080,n02958343_10040.JPEG,0
1197,n02958343_26824.JPEG,0
2464,n02958343_7345.JPEG,0
2968,1069.jpeg,2
2985,274.png,2
2750,884.jpeg,2
3103,342.jpeg,2
2866,221.jpeg,2
2247,n02958343_76935.JPEG,0
576,n09398076_3001.JPEG,1
832,n09398076_8396.JPEG,1
2186,n02958343_8026.JPEG,0
1193,n02958343_77917.JPEG,0
1315,n09398076_632.JPEG,1
925,n02958343_10993.JPEG,0
2240,n09398076_6393.JPEG,1
1166,n09398076_9404.JPEG,1
539,n02958343_14636.JPEG,0
2329,n09398076_11512.JPEG,1
1772,n09398076_7715.JPEG,1
2735,980.jpeg,2
2949,882.png,2
172,n02958343_9972.JPEG,0
1016,n09398076_3344.JPEG,1
1516,n09398076_13895.JPEG,1
3077,1087.jpeg,2
2687,810.jpeg,2
3282,14.jpeg,2
2393,n09398076_18835.JPEG,1
638,n09398076_17659.JPEG,1
514,n02958343_13488.JPEG,0
1865,n02958343_11968.JPEG,0
3320,419.jpeg,2
2802,295.jpeg,2
1129,n02958343_5257.JPEG,0
3272,224.jpeg,2
2915,103.jpeg,2
1626,n09398076_13284.JPEG,1
501,n09398076_4799.JPEG,1
3665,576.jpeg,2
1543,n09398076_19208.JPEG,1
1971,n09398076_19691.JPEG,1
1814,n09398076_2484.JPEG,1
2971,772.jpeg,2
2739,715.jpeg,2
1756,n02958343_57395.JPEG,0
684,n02958343_58107.JPEG,0
579,n09398076_8965.JPEG,1
2089,n02958343_1747.JPEG,0
574,n02958343_12013.JPEG,0
160,n09398076_7157.JPEG,1
2068,n02958343_3691.JPEG,0
2037,n09398076_16090.JPEG,1
2252,n02958343_10349.JPEG,0
1085,n02958343_61068.JPEG,0
3411,993.jpeg,2
76,n09398076_10640.JPEG,1
3575,192.png,2
2887,372.jpeg,2
1450,n09398076_2823.JPEG,1
2005,n09398076_1474.JPEG,1
2069,n09398076_8662.JPEG,1
1739,n09398076_6267.JPEG,1
3409,205.jpeg,2
1956,n09398076_6356.JPEG,1
276,n09398076_3143.JPEG,1
306,n02958343_4568.JPEG,0
3499,701.jpeg,2
725,n02958343_10518.JPEG,0
2675,830.jpeg,2
426,n02958343_14185.JPEG,0
2710,294.jpeg,2
911,n02958343_7286.JPEG,0
3650,736.jpeg,2
145,n02958343_4643.JPEG,0
1751,n09398076_14499.JPEG,1
1485,n02958343_2179.JPEG,0
520,n09398076_12605.JPEG,1
3006,420.jpeg,2
569,n09398076_9151.JPEG,1
1572,n09398076_12895.JPEG,1
3244,80.jpeg,2
737,n02958343_9625.JPEG,0
3445,1112.jpeg,2
349,n02958343_11219.JPEG,0
3081,374.jpeg,2
23,n02958343_79432.JPEG,0
773,n02958343_5313.JPEG,0
1351,n02958343_11838.JPEG,0
3385,415.jpeg,2
2886,688.jpeg,2
2543,n02958343_2227.JPEG,0
2394,n09398076_2826.JPEG,1
530,n02958343_1778.JPEG,0
1220,n09398076_6466.JPEG,1
2012,n02958343_7918.JPEG,0
275,n02958343_20638.JPEG,0
1974,n09398076_4401.JPEG,1
3542,795.jpeg,2
1110,n02958343_423.JPEG,0
3448,961.jpeg,2
2733,129.jpeg,2
483,n02958343_13011.JPEG,0
1456,n02958343_4116.JPEG,0
1061,n02958343_9034.JPEG,0
533,n09398076_2354.JPEG,1
293,n09398076_1565.JPEG,1
260,n09398076_12122.JPEG,1
3108,76.jpeg,2
3667,91.jpeg,2
2494,n09398076_20650.JPEG,1
2578,n02958343_8796.JPEG,0
6,n09398076_6091.JPEG,1
1051,n09398076_13252.JPEG,1
1782,n09398076_761.JPEG,1
3297,399.jpeg,2
2459,n09398076_8969.JPEG,1
2693,514.jpeg,2
3039,95.jpeg,2
1251,n09398076_649.JPEG,1
2851,935.jpeg,2
1821,n09398076_3294.JPEG,1
380,n09398076_6399.JPEG,1
2087,n02958343_13425.JPEG,0
580,n09398076_13552.JPEG,1
489,n09398076_6223.JPEG,1
2911,338.jpeg,2
635,n09398076_12583.JPEG,1
1247,n09398076_6935.JPEG,1
2277,n09398076_17593.JPEG,1
2355,n09398076_21053.JPEG,1
2640,332.jpeg,2
1804,n02958343_3502.JPEG,0
3649,366.jpeg,2
73,n02958343_14243.JPEG,0
106,n02958343_9146.JPEG,0
3387,803.jpeg,2
2072,n02958343_306.JPEG,0
2645,735.jpeg,2
367,n02958343_76362.JPEG,0
1678,n09398076_17341.JPEG,1
2937,986.jpeg,2
598,n09398076_17908.JPEG,1
1771,n02958343_39394.JPEG,0
1720,n02958343_30306.JPEG,0
1050,n09398076_12191.JPEG,1
1145,n02958343_1814.JPEG,0
3216,1030.jpeg,2
2278,n02958343_14288.JPEG,0
335,n09398076_20341.JPEG,1
360,n02958343_9837.JPEG,0
1317,n09398076_1039.JPEG,1
181,n09398076_3170.JPEG,1
1850,n09398076_18847.JPEG,1
228,n09398076_4880.JPEG,1
1622,n09398076_5871.JPEG,1
519,n02958343_19208.JPEG,0
2030,n09398076_355.JPEG,1
3167,1107.png,2
2403,n09398076_5083.JPEG,1
3067,620.jpeg,2
485,n09398076_8539.JPEG,1
1486,n02958343_11268.JPEG,0
2471,n02958343_11365.JPEG,0
1929,n02958343_606.JPEG,0
2495,n09398076_991.JPEG,1
1765,n09398076_6277.JPEG,1
1522,n09398076_1448.JPEG,1
2488,n02958343_5461.JPEG,0
402,n02958343_25722.JPEG,0
1917,n09398076_8428.JPEG,1
1042,n09398076_9344.JPEG,1
2746,646.jpeg,2
98,n09398076_11695.JPEG,1
2826,1062.jpeg,2
516,n09398076_8557.JPEG,1
2745,61.png,2
1172,n02958343_4511.JPEG,0
3036,358.jpeg,2
1719,n02958343_52230.JPEG,0
3553,687.jpeg,2
3305,1085.jpeg,2
818,n09398076_9418.JPEG,1
1286,n02958343_13784.JPEG,0
1364,n02958343_255.JPEG,0
3426,751.jpeg,2
3558,111.jpeg,2
898,n09398076_7425.JPEG,1
1728,n09398076_432.JPEG,1
2837,427.jpeg,2
281,n02958343_14295.JPEG,0
932,n02958343_79720.JPEG,0
1070,n02958343_3532.JPEG,0
3278,789.jpeg,2
3154,544.jpeg,2
3326,931.jpeg,2
3340,97.jpeg,2
1227,n09398076_17630.JPEG,1
1697,n02958343_76561.JPEG,0
123,n09398076_2089.JPEG,1
430,n02958343_4420.JPEG,0
2174,n09398076_3704.JPEG,1
2936,77.jpeg,2
2198,n02958343_9352.JPEG,0
885,n02958343_170.JPEG,0
2083,n02958343_34195.JPEG,0
2250,n09398076_9737.JPEG,1
3010,836.jpeg,2
2617,n09398076_1153.JPEG,1
3258,967.jpeg,2
666,n02958343_10103.JPEG,0
1878,n09398076_1334.JPEG,1
2401,n02958343_13207.JPEG,0
3231,814.jpeg,2
2782,578.jpeg,2
2233,n09398076_880.JPEG,1
3007,973.jpeg,2
409,n09398076_15762.JPEG,1
3485,1082.jpeg,2
2418,n09398076_2093.JPEG,1
930,n09398076_3997.JPEG,1
2924,1008.jpeg,2
255,n02958343_74316.JPEG,0
2112,n02958343_12888.JPEG,0
1651,n02958343_3760.JPEG,0
459,n09398076_6877.JPEG,1
1,n09398076_10286.JPEG,1
623,n02958343_6305.JPEG,0
2339,n09398076_9526.JPEG,1
472,n02958343_51123.JPEG,0
1141,n02958343_3451.JPEG,0
300,n02958343_9334.JPEG,0
1377,n02958343_1576.JPEG,0
3212,639.jpeg,2
1780,n02958343_5234.JPEG,0
3289,43.jpeg,2
2606,n02958343_1498.JPEG,0
2466,n09398076_7248.JPEG,1
2601,n09398076_3088.JPEG,1
2930,251.jpeg,2
3601,604.jpeg,2
2612,n09398076_19909.JPEG,1
1934,n09398076_19640.JPEG,1
3372,638.jpeg,2
2712,806.jpeg,2
2897,379.jpeg,2
2870,919.jpeg,2
1725,n09398076_19289.JPEG,1
1413,n09398076_6876.JPEG,1
2597,n02958343_1171.JPEG,0
1095,n02958343_2354.JPEG,0
933,n02958343_8852.JPEG,0
133,n02958343_8665.JPEG,0
1029,n02958343_9330.JPEG,0
1135,n09398076_11926.JPEG,1
3402,252.jpeg,2
1698,n09398076_20031.JPEG,1
3110,250.jpeg,2
2150,n09398076_8812.JPEG,1
1660,n09398076_7063.JPEG,1
2656,488.jpeg,2
3155,114.jpeg,2
936,n09398076_12818.JPEG,1
204,n02958343_5631.JPEG,0
342,n09398076_9628.JPEG,1
3285,320.jpeg,2
1392,n09398076_97.JPEG,1
899,n09398076_8332.JPEG,1
1793,n02958343_2991.JPEG,0
540,n09398076_517.JPEG,1
3286,770.jpeg,2
866,n02958343_5039.JPEG,0
2839,562.jpeg,2
2485,n02958343_4478.JPEG,0
2627,666.jpeg,2
3331,209.jpeg,2
2941,586.jpeg,2
3270,1092.jpeg,2
3498,886.jpeg,2
1076,n02958343_5319.JPEG,0
3120,21.jpeg,2
2195,n02958343_4446.JPEG,0
852,n09398076_18082.JPEG,1
2094,n02958343_164.JPEG,0
665,n09398076_5973.JPEG,1
2067,n02958343_81326.JPEG,0
1078,n02958343_2640.JPEG,0
2653,467.jpeg,2
2972,267.jpeg,2
643,n09398076_3551.JPEG,1
3066,765.jpeg,2
641,n09398076_20459.JPEG,1
3087,180.jpeg,2
3226,402.jpeg,2
407,n02958343_11400.JPEG,0
1176,n02958343_67114.JPEG,0
2657,172.jpeg,2
517,n02958343_69619.JPEG,0
2728,742.jpeg,2
1198,n09398076_4750.JPEG,1
688,n02958343_4210.JPEG,0
3127,1072.jpeg,2
1537,n02958343_56935.JPEG,0
2895,1065.jpeg,2
2700,328.jpeg,2
31,n02958343_64806.JPEG,0
800,n02958343_43504.JPEG,0
1585,n02958343_461.JPEG,0
37,n09398076_3725.JPEG,1
2808,1023.jpeg,2
413,n02958343_790.JPEG,0
2799,1074.jpeg,2
354,n02958343_29185.JPEG,0
266,n09398076_20727.JPEG,1
1907,n09398076_3082.JPEG,1
2505,n09398076_20613.JPEG,1
3165,496.jpeg,2
2511,n02958343_4588.JPEG,0
3676,999.jpeg,2
1972,n02958343_8988.JPEG,0
958,n09398076_4334.JPEG,1
947,n02958343_11075.JPEG,0
3230,117.jpeg,2
1641,n02958343_14255.JPEG,0
167,n09398076_12421.JPEG,1
716,n02958343_10218.JPEG,0
653,n09398076_4755.JPEG,1
2451,n09398076_4823.JPEG,1
1036,n02958343_9022.JPEG,0
2952,181.jpeg,2
1357,n02958343_3847.JPEG,0
2070,n09398076_14068.JPEG,1
2245,n02958343_254.JPEG,0
2720,386.jpeg,2
1592,n09398076_19524.JPEG,1
523,n09398076_7233.JPEG,1
392,n09398076_8839.JPEG,1
2820,684.jpeg,2
3205,785.jpeg,2
1409,n09398076_13032.JPEG,1
2909,1024.jpeg,2
2862,50.jpeg,2
3660,1001.jpeg,2
2160,n02958343_1081.JPEG,0
527,n09398076_19774.JPEG,1
1811,n02958343_13916.JPEG,0
3425,301.jpeg,2
1397,n02958343_84095.JPEG,0
3513,73.jpeg,2
2699,778.jpeg,2
165,n02958343_4784.JPEG,0
2290,n09398076_9219.JPEG,1
48,n09398076_735.JPEG,1
2347,n09398076_1647.JPEG,1
3040,1052.jpeg,2
1111,n02958343_8986.JPEG,0
982,n02958343_1529.JPEG,0
3611,1109.jpeg,2
2127,n09398076_5999.JPEG,1
2007,n02958343_4252.JPEG,0
1712,n09398076_17228.JPEG,1
2400,n02958343_12486.JPEG,0
2659,719.jpeg,2
2877,149.jpeg,2
195,n09398076_3106.JPEG,1
3105,99.jpeg,2
730,n02958343_9678.JPEG,0
650,n02958343_12204.JPEG,0
2008,n02958343_12302.JPEG,0
845,n02958343_2772.JPEG,0
503,n09398076_3043.JPEG,1
2349,n02958343_3096.JPEG,0
147,n02958343_10948.JPEG,0
237,n02958343_11130.JPEG,0
2049,n02958343_55663.JPEG,0
1614,n02958343_3335.JPEG,0
926,n02958343_9860.JPEG,0
2158,n09398076_1596.JPEG,1
692,n09398076_4687.JPEG,1
1119,n09398076_21323.JPEG,1
435,n09398076_9962.JPEG,1
1560,n02958343_9396.JPEG,0
137,n09398076_1036.JPEG,1
927,n09398076_11607.JPEG,1
357,n09398076_1164.JPEG,1
2992,898.jpeg,2
1443,n02958343_10118.JPEG,0
2374,n02958343_7954.JPEG,0
1932,n09398076_15693.JPEG,1
941,n09398076_15747.JPEG,1
938,n02958343_10774.JPEG,0
462,n09398076_15700.JPEG,1
2416,n09398076_732.JPEG,1
3359,546.jpeg,2
1776,n02958343_71608.JPEG,0
2857,173.jpeg,2
770,n02958343_7621.JPEG,0
1370,n09398076_7246.JPEG,1
218,n09398076_2897.JPEG,1
626,n02958343_2377.JPEG,0
3142,790.jpeg,2
2203,n02958343_54508.JPEG,0
1884,n09398076_17988.JPEG,1
3221,510.jpeg,2
68,n02958343_7064.JPEG,0
2547,n09398076_14183.JPEG,1
3284,635.jpeg,2
1750,n02958343_3787.JPEG,0
3473,275.jpeg,2
2551,n02958343_12602.JPEG,0
766,n02958343_9364.JPEG,0
2315,n09398076_12282.JPEG,1
2944,841.png,2
423,n02958343_10807.JPEG,0
562,n09398076_4021.JPEG,1
1372,n09398076_15955.JPEG,1
3346,970.jpeg,2
1568,n02958343_8115.JPEG,0
378,n02958343_13352.JPEG,0
1161,n02958343_12128.JPEG,0
440,n02958343_982.JPEG,0
3335,1115.jpeg,2
1213,n09398076_1907.JPEG,1
3260,658.jpeg,2
2253,n09398076_6390.JPEG,1
1335,n02958343_8834.JPEG,0
3062,227.jpeg,2
847,n09398076_6422.JPEG,1
2762,755.jpeg,2
241,n09398076_6400.JPEG,1
1276,n02958343_6100.JPEG,0
1690,n09398076_851.JPEG,1
1108,n09398076_3937.JPEG,1
1334,n09398076_4754.JPEG,1
3408,710.jpeg,2
3208,1026.jpeg,2
687,n09398076_13729.JPEG,1
693,n02958343_11097.JPEG,0
2840,132.jpeg,2
3115,1009.jpeg,2
464,n02958343_45948.JPEG,0
174,n09398076_1232.JPEG,1
2912,292.jpeg,2
2254,n02958343_3059.JPEG,0
216,n09398076_12457.JPEG,1
1126,n09398076_19938.JPEG,1
3016,498.jpeg,2
2219,n02958343_10667.JPEG,0
3366,454.jpeg,2
905,n02958343_12259.JPEG,0
3401,602.jpeg,2
1249,n09398076_5431.JPEG,1
395,n09398076_20282.JPEG,1
1801,n02958343_8256.JPEG,0
2353,n02958343_548.JPEG,0
2199,n02958343_6458.JPEG,0
1230,n09398076_19433.JPEG,1
2818,603.png,2
593,n02958343_4740.JPEG,0
475,n02958343_3513.JPEG,0
1398,n02958343_5683.JPEG,0
1753,n09398076_1665.JPEG,1
2229,n02958343_14448.JPEG,0
309,n02958343_12835.JPEG,0
1318,n02958343_19499.JPEG,0
2652,934.jpeg,2
2434,n02958343_14103.JPEG,0
138,n02958343_14790.JPEG,0
879,n09398076_20577.JPEG,1
3632,720.jpeg,2
376,n02958343_5952.JPEG,0
1205,n02958343_5353.JPEG,0
229,n02958343_3892.JPEG,0
7,n09398076_7353.JPEG,1
3423,182.jpeg,2
406,n02958343_6886.JPEG,0
2545,n09398076_19570.JPEG,1
1260,n02958343_11864.JPEG,0
1959,n09398076_4405.JPEG,1
2743,996.jpeg,2
2121,n09398076_143.JPEG,1
2803,780.jpeg,2
2390,n02958343_4524.JPEG,0
1464,n02958343_83323.JPEG,0
2717,739.jpeg,2
3195,678.jpeg,2
545,n09398076_686.JPEG,1
3672,46.png,2
28,n02958343_3867.JPEG,0
1673,n09398076_19547.JPEG,1
1684,n02958343_11471.JPEG,0
3044,729.png,2
3641,848.jpeg,2
2340,n09398076_6895.JPEG,1
2817,450.jpeg,2
131,n02958343_16719.JPEG,0
125,n09398076_7985.JPEG,1
121,n09398076_12777.JPEG,1
225,n09398076_13883.JPEG,1
401,n09398076_3369.JPEG,1
339,n09398076_12650.JPEG,1
1406,n09398076_12290.JPEG,1
943,n02958343_11304.JPEG,0
2431,n09398076_1867.JPEG,1
3277,623.jpeg,2
2009,n09398076_3666.JPEG,1
2187,n09398076_8582.JPEG,1
375,n02958343_80229.JPEG,0
756,n02958343_81581.JPEG,0
1900,n02958343_14098.JPEG,0
2467,n09398076_4669.JPEG,1
2170,n02958343_2327.JPEG,0
3312,272.jpeg,2
1976,n09398076_20089.JPEG,1
3163,245.jpeg,2
1848,n09398076_19376.JPEG,1
2550,n02958343_51576.JPEG,0
1069,n09398076_17277.JPEG,1
352,n02958343_3676.JPEG,0
117,n09398076_2258.JPEG,1
1341,n02958343_3292.JPEG,0
1252,n09398076_2395.JPEG,1
3183,984.jpeg,2
2167,n02958343_5659.JPEG,0
2588,n02958343_71042.JPEG,0
1909,n09398076_20754.JPEG,1
2756,611.jpeg,2
531,n02958343_14252.JPEG,0
2537,n09398076_2995.JPEG,1
3404,985.jpeg,2
2864,364.jpeg,2
1544,n02958343_11342.JPEG,0
1620,n09398076_4033.JPEG,1
2249,n02958343_79074.JPEG,0
829,n02958343_74235.JPEG,0
1149,n09398076_19814.JPEG,1
453,n02958343_11929.JPEG,0
3106,968.jpeg,2
476,n02958343_9437.JPEG,0
1112,n09398076_3665.JPEG,1
3689,1017.jpeg,2
1886,n09398076_11887.JPEG,1
2892,115.jpeg,2
2417,n02958343_6119.JPEG,0
869,n02958343_8117.JPEG,0
1895,n09398076_11407.JPEG,1
1818,n02958343_6033.JPEG,0
2215,n02958343_56538.JPEG,0
2789,939.jpeg,2
282,n09398076_9028.JPEG,1
3011,565.jpeg,2
2925,197.jpeg,2
1888,n09398076_2206.JPEG,1
1891,n09398076_8695.JPEG,1
2060,n09398076_11668.JPEG,1
3073,773.jpeg,2
2708,1022.jpeg,2
775,n09398076_19323.JPEG,1
2576,n09398076_9159.JPEG,1
224,n02958343_992.JPEG,0
2040,n02958343_7321.JPEG,0
382,n02958343_50140.JPEG,0
1708,n02958343_510.JPEG,0
3686,537.jpeg,2
763,n09398076_7365.JPEG,1
3271,55.jpeg,2
2143,n02958343_3930.JPEG,0
417,n02958343_61316.JPEG,0
3527,941.jpeg,2
331,n02958343_10232.JPEG,0
1416,n02958343_57372.JPEG,0
3171,357.jpeg,2
1996,n09398076_378.JPEG,1
3683,976.jpeg,2
2646,220.jpeg,2
1292,n09398076_606.JPEG,1
1350,n09398076_2018.JPEG,1
1829,n02958343_8738.JPEG,0
1452,n02958343_2202.JPEG,0
414,n09398076_20408.JPEG,1
2105,n09398076_11090.JPEG,1
1316,n09398076_10711.JPEG,1
2891,545.jpeg,2
1114,n09398076_11744.JPEG,1
631,n02958343_1812.JPEG,0
640,n09398076_8809.JPEG,1
5,n02958343_14280.JPEG,0
2492,n02958343_39464.JPEG,0
3306,264.jpeg,2
590,n02958343_57058.JPEG,0
1565,n09398076_6156.JPEG,1
29,n09398076_983.JPEG,1
1611,n09398076_9077.JPEG,1
2922,380.jpeg,2
1588,n02958343_5610.JPEG,0
2211,n02958343_12379.JPEG,0
171,n02958343_4969.JPEG,0
144,n02958343_9978.JPEG,0
2823,112.jpeg,2
502,n02958343_8075.JPEG,0
1970,n02958343_47922.JPEG,0
1411,n09398076_8404.JPEG,1
529,n09398076_6893.JPEG,1
1645,n02958343_2522.JPEG,0
3377,1027.jpeg,2
3511,652.jpeg,2
290,n09398076_12701.JPEG,1
2899,142.jpeg,2
657,n02958343_61252.JPEG,0
3129,339.jpeg,2
2757,404.png,2
2858,870.jpeg,2
1898,n02958343_3666.JPEG,0
2088,n09398076_7991.JPEG,1
924,n02958343_5812.JPEG,0
1031,n02958343_11461.JPEG,0
2975,908.jpeg,2
2402,n09398076_8964.JPEG,1
1644,n02958343_9049.JPEG,0
804,n09398076_4345.JPEG,1
2256,n02958343_9114.JPEG,0
2035,n09398076_2519.JPEG,1
184,n02958343_11222.JPEG,0
1422,n09398076_2815.JPEG,1
169,n02958343_9259.JPEG,0
243,n09398076_20477.JPEG,1
961,n09398076_1798.JPEG,1
3079,1068.jpeg,2
1366,n02958343_10402.JPEG,0
2243,n02958343_5517.JPEG,0
754,n02958343_14700.JPEG,0
268,n02958343_85721.JPEG,0
182,n02958343_14872.JPEG,0
205,n02958343_3987.JPEG,0
1462,n09398076_3790.JPEG,1
1263,n09398076_4554.JPEG,1
1913,n02958343_26530.JPEG,0
3590,106.jpeg,2
2517,n02958343_11736.JPEG,0
3652,1095.jpeg,2
896,n02958343_70824.JPEG,0
12,n09398076_18861.JPEG,1
1432,n02958343_9717.JPEG,0
708,n02958343_1862.JPEG,0
3420,497.jpeg,2
1623,n09398076_17640.JPEG,1
1703,n09398076_3124.JPEG,1
2666,1110.jpeg,2
2422,n02958343_1065.JPEG,0
2236,n09398076_9327.JPEG,1
1879,n02958343_10704.JPEG,0
3269,418.jpeg,2
652,n09398076_9625.JPEG,1
654,n09398076_161.JPEG,1
565,n09398076_1736.JPEG,1
305,n02958343_2578.JPEG,0
1195,n02958343_5900.JPEG,0
1154,n09398076_3191.JPEG,1
2292,n02958343_8064.JPEG,0
2391,n02958343_4308.JPEG,0
213,n02958343_57523.JPEG,0
3544,900.jpeg,2
2608,n02958343_23112.JPEG,0
344,n09398076_671.JPEG,1
3579,917.jpeg,2
3664,1113.jpeg,2
543,n02958343_65338.JPEG,0
2024,n09398076_7171.JPEG,1
1881,n09398076_7860.JPEG,1
1854,n09398076_551.JPEG,1
798,n09398076_3162.JPEG,1
19,n02958343_67134.JPEG,0
69,n09398076_2907.JPEG,1
3095,587.jpeg,2
3264,875.jpeg,2
2630,1080.jpeg,2
1239,n02958343_7460.JPEG,0
3418,656.png,2
1210,n09398076_14115.JPEG,1
1237,n09398076_3356.JPEG,1
3383,291.jpeg,2
1901,n02958343_8268.JPEG,0
1150,n09398076_19083.JPEG,1
3114,895.jpeg,2
2559,n09398076_20366.JPEG,1
30,n02958343_66370.JPEG,0
2951,355.jpeg,2
3031,7.jpeg,2
2689,406.jpeg,2
564,n02958343_10590.JPEG,0
2587,n02958343_13117.JPEG,0
3076,548.jpeg,2
2159,n02958343_45815.JPEG,0
3635,44.jpeg,2
2063,n02958343_4642.JPEG,0
3376,911.jpeg,2
2863,1078.jpeg,2
2966,549.jpeg,2
1133,n02958343_78927.JPEG,0
3304,42.jpeg,2
715,n09398076_17828.JPEG,1
997,n09398076_17781.JPEG,1
1383,n09398076_13991.JPEG,1
3336,120.jpeg,2
2796,807.jpeg,2
2384,n09398076_8531.JPEG,1
1616,n09398076_15320.JPEG,1
509,n09398076_2499.JPEG,1
1584,n09398076_9772.JPEG,1
720,n02958343_13634.JPEG,0
2228,n09398076_24.JPEG,1
194,n09398076_1859.JPEG,1
2706,447.jpeg,2
217,n09398076_7796.JPEG,1
2770,702.jpeg,2
3382,910.png,2
1028,n02958343_4467.JPEG,0
1202,n09398076_8166.JPEG,1
801,n09398076_19779.JPEG,1
689,n02958343_8642.JPEG,0
1681,n02958343_12677.JPEG,0
1799,n09398076_1215.JPEG,1
1203,n09398076_19818.JPEG,1
1610,n09398076_3150.JPEG,1
2396,n02958343_10786.JPEG,0
3668,960.jpeg,2
2775,997.jpeg,2
2230,n09398076_6204.JPEG,1
964,n02958343_10482.JPEG,0
2695,161.png,2
2532,n02958343_9310.JPEG,0
441,n09398076_10166.JPEG,1
974,n02958343_13565.JPEG,0
1947,n09398076_4902.JPEG,1
1153,n09398076_2203.JPEG,1
2013,n09398076_7851.JPEG,1
1758,n09398076_2133.JPEG,1
830,n02958343_7127.JPEG,0
1642,n02958343_6530.JPEG,0
748,n09398076_4211.JPEG,1
3545,1036.jpeg,2
1123,n02958343_8592.JPEG,0
2923,894.jpeg,2
714,n02958343_8789.JPEG,0
2156,n09398076_3028.JPEG,1
1032,n09398076_12573.JPEG,1
1371,n02958343_11257.JPEG,0
2678,1014.jpeg,2
759,n02958343_6351.JPEG,0
248,n02958343_36279.JPEG,0
168,n02958343_3569.JPEG,0
338,n02958343_71115.JPEG,0
1228,n09398076_2335.JPEG,1
805,n02958343_69809.JPEG,0
2760,610.jpeg,2
180,n02958343_6483.JPEG,0
680,n02958343_11214.JPEG,0
2287,n09398076_15817.JPEG,1
2969,322.jpeg,2
3262,526.jpeg,2
2901,904.jpeg,2
2754,492.jpeg,2
2777,651.jpeg,2
3332,823.jpeg,2
2457,n09398076_8953.JPEG,1
535,n09398076_2971.JPEG,1
323,n09398076_19752.JPEG,1
461,n02958343_9383.JPEG,0
3318,360.jpeg,2
3438,1104.jpeg,2
1965,n09398076_1623.JPEG,1
196,n09398076_6073.JPEG,1
198,n09398076_2271.JPEG,1
3472,625.jpeg,2
3345,835.jpeg,2
267,n02958343_13120.JPEG,0
1310,n02958343_13704.JPEG,0
700,n09398076_6482.JPEG,1
1838,n09398076_1358.JPEG,1
2465,n09398076_5311.JPEG,1
1741,n02958343_9424.JPEG,0
1603,n09398076_16103.JPEG,1
3276,859.jpeg,2
1002,n09398076_932.JPEG,1
2996,174.jpeg,2
1303,n02958343_11372.JPEG,0
36,n09398076_4509.JPEG,1
1426,n02958343_10090.JPEG,0
1689,n09398076_512.JPEG,1
2483,n09398076_3312.JPEG,1
2436,n09398076_10564.JPEG,1
2692,144.jpeg,2
2295,n09398076_11206.JPEG,1
2172,n02958343_2122.JPEG,0
2248,n09398076_4233.JPEG,1
1991,n09398076_11458.JPEG,1
3308,321.jpeg,2
753,n09398076_7438.JPEG,1
3551,392.jpeg,2
2871,299.jpeg,2
3232,863.jpeg,2
2193,n02958343_1653.JPEG,0
2916,553.jpeg,2
437,n09398076_8116.JPEG,1
1625,n02958343_70926.JPEG,0
2452,n02958343_14471.JPEG,0
3477,799.jpeg,2
1534,n09398076_11318.JPEG,1
1824,n09398076_9331.JPEG,1
2123,n02958343_84023.JPEG,0
913,n09398076_2426.JPEG,1
881,n09398076_12556.JPEG,1
1941,n09398076_577.JPEG,1
717,n09398076_20237.JPEG,1
2130,n09398076_1900.JPEG,1
2705,851.jpeg,2
3621,33.jpeg,2
2572,n09398076_4910.JPEG,1
846,n09398076_692.JPEG,1
3489,721.jpeg,2
3490,371.jpeg,2
1298,n09398076_14724.JPEG,1
1695,n09398076_7379.JPEG,1
234,n09398076_10084.JPEG,1
1475,n02958343_1111.JPEG,0
2983,363.jpeg,2
2600,n09398076_1283.JPEG,1
2654,1002.jpeg,2
1102,n09398076_992.JPEG,1
1191,n09398076_20432.JPEG,1
3295,377.jpeg,2
944,n09398076_11230.JPEG,1
2809,283.jpeg,2
1612,n02958343_25853.JPEG,0
1919,n09398076_5681.JPEG,1
3659,464.jpeg,2
191,n02958343_8152.JPEG,0
2853,211.png,2
2673,1106.jpeg,2
2381,n02958343_24660.JPEG,0
1883,n02958343_81241.JPEG,0
3228,1088.jpeg,2
3440,1041.jpeg,2
2609,n09398076_6533.JPEG,1
3525,384.jpeg,2
2993,932.jpeg,2
1763,n09398076_11779.JPEG,1
400,n09398076_1515.JPEG,1
3141,10.png,2
1808,n09398076_3778.JPEG,1
2453,n02958343_8827.JPEG,0
2852,466.jpeg,2
1231,n02958343_8529.JPEG,0
1001,n09398076_6454.JPEG,1
1033,n02958343_11213.JPEG,0
2980,508.jpeg,2
2491,n02958343_57700.JPEG,0
3483,383.png,2
615,n09398076_7448.JPEG,1
2883,1081.jpeg,2
2317,n02958343_3671.JPEG,0
2918,945.jpeg,2
1939,n09398076_11233.JPEG,1
480,n09398076_14205.JPEG,1
1091,n09398076_5558.JPEG,1
3571,1037.jpeg,2
2663,430.jpeg,2
2598,n02958343_10506.JPEG,0
3347,423.jpeg,2
2965,1086.jpeg,2
942,n09398076_20567.JPEG,1
3370,141.jpeg,2
2665,125.jpeg,2
2605,n02958343_75694.JPEG,0
1216,n09398076_8520.JPEG,1
2933,590.jpeg,2
889,n02958343_12924.JPEG,0
1954,n02958343_3257.JPEG,0
1717,n09398076_1571.JPEG,1
2120,n02958343_6920.JPEG,0
3132,924.png,2
2191,n02958343_67754.JPEG,0
3273,674.jpeg,2
3350,248.jpeg,2
1295,n09398076_19127.JPEG,1
1163,n02958343_5043.JPEG,0
604,n02958343_13202.JPEG,0
1399,n09398076_12185.JPEG,1
2439,n02958343_14690.JPEG,0
2147,n09398076_19564.JPEG,1
2905,857.jpeg,2
1989,n09398076_17096.JPEG,1
2246,n09398076_14713.JPEG,1
2998,965.jpeg,2
679,n09398076_20250.JPEG,1
1795,n02958343_12624.JPEG,0
2991,1004.jpeg,2
620,n02958343_65965.JPEG,0
1433,n02958343_8994.JPEG,0
1889,n02958343_79721.JPEG,0
2288,n02958343_82462.JPEG,0
1980,n09398076_1747.JPEG,1
1201,n02958343_82874.JPEG,0
1856,n02958343_1853.JPEG,0
1324,n09398076_15997.JPEG,1
93,n02958343_25699.JPEG,0
3257,434.jpeg,2
2149,n02958343_1339.JPEG,0
2761,305.jpeg,2
2977,621.jpeg,2
2234,n02958343_3239.JPEG,0
265,n02958343_13964.JPEG,0
274,n09398076_8643.JPEG,1
1268,n09398076_3204.JPEG,1
2342,n02958343_5728.JPEG,0
2785,606.jpeg,2
1222,n02958343_45553.JPEG,0
2763,885.jpeg,2
3574,794.jpeg,2
1680,n09398076_7061.JPEG,1
3111,745.jpeg,2
3124,552.jpeg,2
1582,n09398076_3379.JPEG,1
3471,449.jpeg,2
3424,478.jpeg,2
3612,995.jpeg,2
87,n02958343_5684.JPEG,0
690,n02958343_46681.JPEG,0
2010,n09398076_13077.JPEG,1
2153,n02958343_1448.JPEG,0
2647,670.jpeg,2
3633,370.jpeg,2
1639,n09398076_2550.JPEG,1
351,n02958343_2203.JPEG,0
1265,n09398076_12509.JPEG,1
1861,n09398076_2001.JPEG,1
1862,n09398076_15950.JPEG,1
1004,n09398076_5130.JPEG,1
3351,862.jpeg,2
497,n02958343_13730.JPEG,0
3432,189.jpeg,2
1158,n09398076_1019.JPEG,1
261,n02958343_2300.JPEG,0
1707,n09398076_6011.JPEG,1
3630,665.jpeg,2
1506,n09398076_4705.JPEG,1
2596,n02958343_9235.JPEG,0
412,n02958343_5497.JPEG,0
990,n02958343_4087.JPEG,0
2019,n09398076_10777.JPEG,1
1601,n09398076_17796.JPEG,1
711,n09398076_7311.JPEG,1
1903,n09398076_6347.JPEG,1
1930,n09398076_10950.JPEG,1
1358,n09398076_716.JPEG,1
88,n02958343_58596.JPEG,0
1309,n02958343_10365.JPEG,0
3415,706.jpeg,2
912,n09398076_4074.JPEG,1
2755,168.jpeg,2
1928,n02958343_5297.JPEG,0
94,n09398076_8042.JPEG,1
2781,1058.jpeg,2
1602,n02958343_5080.JPEG,0
3679,1105.jpeg,2
2725,484.jpeg,2
2964,119.jpeg,2
1271,n09398076_20134.JPEG,1
2633,774.jpeg,2
418,n02958343_29234.JPEG,0
1418,n02958343_62305.JPEG,0
3100,1043.jpg,2
2704,152.jpeg,2
2685,534.jpeg,2
2178,n02958343_24630.JPEG,0
3505,65.jpeg,2
2919,1073.jpeg,2
1275,n09398076_13736.JPEG,1
3465,1094.jpeg,2
1183,n09398076_11757.JPEG,1
1131,n09398076_15212.JPEG,1
3602,254.jpeg,2
1041,n09398076_6969.JPEG,1
1591,n09398076_5250.JPEG,1
2029,n02958343_494.JPEG,0
295,n09398076_19279.JPEG,1
2262,n02958343_28344.JPEG,0
1179,n02958343_53223.JPEG,0
454,n02958343_1441.JPEG,0
3453,28.jpeg,2
2044,n09398076_6580.JPEG,1
2003,n02958343_81158.JPEG,0
2205,n02958343_6654.JPEG,0
808,n02958343_10030.JPEG,0
2423,n02958343_1370.JPEG,0
59,n02958343_7056.JPEG,0
3352,39.jpeg,2
1331,n02958343_11693.JPEG,0
1830,n02958343_29425.JPEG,0
2613,n02958343_85606.JPEG,0
231,n09398076_11858.JPEG,1
731,n02958343_14264.JPEG,0
2764,186.jpeg,2
2643,918.jpeg,2
1382,n02958343_4344.JPEG,0
2618,n09398076_18791.JPEG,1
1945,n02958343_46389.JPEG,0
2759,240.jpeg,2
108,n09398076_2575.JPEG,1
1580,n02958343_13612.JPEG,0
3001,123.jpeg,2
1736,n02958343_65282.JPEG,0
1159,n09398076_2278.JPEG,1
2690,685.jpeg,2
2995,524.jpeg,2
2536,n02958343_20.JPEG,0
1093,n09398076_6147.JPEG,1
1754,n02958343_8229.JPEG,0
667,n02958343_4891.JPEG,0
3037,708.jpeg,2
647,n09398076_4433.JPEG,1
3009,82.jpeg,2
3486,45.jpeg,2
1267,n02958343_1982.JPEG,0
452,n09398076_13617.JPEG,1
1700,n09398076_15232.JPEG,1
2397,n02958343_9137.JPEG,0
2221,n02958343_1640.JPEG,0
212,n02958343_10077.JPEG,0
387,n02958343_13489.JPEG,0
2671,426.jpeg,2
2876,519.jpeg,2
945,n02958343_12592.JPEG,0
3501,644.jpeg,2
1806,n09398076_14989.JPEG,1
3534,279.jpeg,2
353,n09398076_4552.JPEG,1
2893,1120.jpeg,2
3588,1076.jpeg,2
3063,677.jpeg,2
1375,n02958343_14067.JPEG,0
350,n09398076_17213.JPEG,1
3554,1061.jpeg,2
2385,n02958343_24974.JPEG,0
1844,n09398076_4350.JPEG,1
2100,n02958343_7451.JPEG,0
2022,n09398076_11056.JPEG,1
978,n09398076_7467.JPEG,1
1840,n02958343_68.JPEG,0
3540,500.jpeg,2
492,n02958343_9795.JPEG,0
2569,n02958343_4882.JPEG,0
1138,n02958343_8606.JPEG,0
992,n02958343_2067.JPEG,0
541,n02958343_10992.JPEG,0
1704,n09398076_9535.JPEG,1
1073,n09398076_806.JPEG,1
2092,n09398076_2635.JPEG,1
3222,394.jpeg,2
1494,n02958343_10156.JPEG,0
391,n09398076_13733.JPEG,1
2080,n02958343_23074.JPEG,0
1653,n02958343_45068.JPEG,0
985,n09398076_15855.JPEG,1
728,n09398076_603.JPEG,1
3324,177.jpeg,2
1171,n02958343_79770.JPEG,0
2667,575.jpeg,2
999,n02958343_34710.JPEG,0
3514,828.jpeg,2
2875,276.jpeg,2
2691,390.jpeg,2
2879,325.jpeg,2
2570,n09398076_2355.JPEG,1
2493,n02958343_6829.JPEG,0
2624,723.jpeg,2
3068,270.jpeg,2
3482,776.jpeg,2
247,n09398076_6037.JPEG,1
1748,n09398076_1539.JPEG,1
1831,n09398076_1364.JPEG,1
3140,285.jpeg,2
2672,563.jpeg,2
139,n02958343_14420.JPEG,0
2804,503.jpeg,2
1037,n02958343_14713.JPEG,0
1245,n02958343_4423.JPEG,0
796,n02958343_4976.JPEG,0
232,n09398076_6688.JPEG,1
203,n02958343_10671.JPEG,0
1515,n02958343_1934.JPEG,0
2455,n02958343_3692.JPEG,0
2962,660.jpeg,2
3662,782.png,2
1311,n02958343_7305.JPEG,0
2126,n09398076_8762.JPEG,1
676,n09398076_7226.JPEG,1
1545,n02958343_21320.JPEG,0
3578,1021.jpeg,2
2546,n02958343_1688.JPEG,0
887,n09398076_19095.JPEG,1
2200,n02958343_3191.JPEG,0
547,n09398076_18859.JPEG,1
1498,n02958343_22391.JPEG,0
2220,n02958343_16403.JPEG,0
3492,424.png,2
1524,n02958343_13036.JPEG,0
1048,n02958343_48999.JPEG,0
2639,762.jpeg,2
3317,244.png,2
2810,779.jpeg,2
197,n09398076_137.JPEG,1
3065,509.jpeg,2
2359,n02958343_11665.JPEG,0
578,n02958343_1104.JPEG,0
1407,n02958343_13441.JPEG,0
1428,n02958343_13085.JPEG,0
1682,n09398076_20371.JPEG,1
1348,n02958343_952.JPEG,0
2026,n09398076_280.JPEG,1
302,n02958343_5050.JPEG,0
3572,147.jpeg,2
3456,170.jpeg,2
884,n02958343_3003.JPEG,0
1787,n02958343_30958.JPEG,0
3126,944.jpeg,2
3090,37.jpeg,2
3494,613.jpeg,2
908,n02958343_4269.JPEG,0
2231,n09398076_12234.JPEG,1
1282,n09398076_11551.JPEG,1
3562,813.jpeg,2
3050,933.jpeg,2
2050,n02958343_61974.JPEG,0
2135,n09398076_7263.JPEG,1
1049,n02958343_68703.JPEG,0
2989,748.jpeg,2
111,n02958343_24067.JPEG,0
385,n02958343_9672.JPEG,0
103,n02958343_2365.JPEG,0
155,n02958343_2682.JPEG,0
2356,n09398076_7743.JPEG,1
1232,n02958343_44957.JPEG,0
3541,150.jpeg,2
2945,569.jpeg,2
1816,n02958343_13674.JPEG,0
3586,297.jpeg,2
3102,657.jpeg,2
2437,n09398076_17148.JPEG,1
1408,n02958343_504.JPEG,0
2982,699.jpeg,2
2531,n09398076_70.JPEG,1
394,n02958343_1624.JPEG,0
3086,753.jpeg,2
1557,n02958343_11761.JPEG,0
2516,n09398076_8422.JPEG,1
617,n09398076_3602.JPEG,1
1519,n09398076_16276.JPEG,1
1526,n02958343_10313.JPEG,0
528,n02958343_83176.JPEG,0
3532,804.jpeg,2
3365,1031.jpeg,2
3193,896.jpeg,2
3460,584.png,2
1958,n02958343_13204.JPEG,0
2542,n02958343_10925.JPEG,0
1794,n09398076_3358.JPEG,1
2282,n09398076_10065.JPEG,1
883,n02958343_5382.JPEG,0
170,n09398076_4383.JPEG,1
424,n02958343_29387.JPEG,0
96,n02958343_35285.JPEG,0
1942,n02958343_5331.JPEG,0
751,n02958343_1315.JPEG,0
2478,n02958343_13849.JPEG,0
1567,n09398076_10606.JPEG,1
1687,n09398076_4876.JPEG,1
878,n09398076_20193.JPEG,1
1380,n09398076_2886.JPEG,1
2635,631.jpeg,2
1092,n09398076_9472.JPEG,1
34,n02958343_12919.JPEG,0
681,n02958343_8724.JPEG,0
1937,n09398076_10249.JPEG,1
1766,n02958343_30420.JPEG,0
67,n02958343_11520.JPEG,0
558,n02958343_13771.JPEG,0
776,n09398076_18694.JPEG,1
3484,408.jpeg,2
703,n09398076_7349.JPEG,1
362,n09398076_2533.JPEG,1
1523,n09398076_15933.JPEG,1
333,n02958343_28735.JPEG,0
1727,n09398076_14320.JPEG,1
251,n09398076_9246.JPEG,1
104,n09398076_19075.JPEG,1
2740,580.jpeg,2
1495,n02958343_10580.JPEG,0
3691,472.jpeg,2
479,n09398076_11655.JPEG,1
3160,952.jpeg,2
1528,n02958343_10664.JPEG,0
3341,966.jpeg,2
1927,n09398076_3610.JPEG,1
491,n09398076_1615.JPEG,1
408,n02958343_12208.JPEG,0
674,n09398076_14075.JPEG,1
785,n02958343_12252.JPEG,0
1005,n02958343_14237.JPEG,0
1040,n09398076_2033.JPEG,1
3384,1070.jpeg,2
3309,458.jpeg,2
814,n02958343_3698.JPEG,0
1165,n09398076_9289.JPEG,1
890,n09398076_6801.JPEG,1
955,n02958343_10960.JPEG,0
347,n09398076_5884.JPEG,1
493,n09398076_1359.JPEG,1
1590,n09398076_881.JPEG,1
2435,n02958343_5276.JPEG,0
1797,n09398076_1331.JPEG,1
2363,n09398076_9256.JPEG,1
1457,n09398076_1709.JPEG,1
1089,n09398076_1484.JPEG,1
572,n02958343_3001.JPEG,0
3239,249.jpeg,2
1065,n09398076_5934.JPEG,1
948,n09398076_6008.JPEG,1
439,n02958343_14022.JPEG,0
246,n09398076_8892.JPEG,1
14,n02958343_4175.JPEG,0
921,n09398076_277.JPEG,1
2855,523.jpeg,2
1427,n02958343_251.JPEG,0
2650,1096.jpeg,2
1863,n09398076_1632.JPEG,1
21,n02958343_5820.JPEG,0
1483,n09398076_16404.JPEG,1
3075,636.jpeg,2
1643,n02958343_8395.JPEG,0
2461,n09398076_11042.JPEG,1
3261,208.jpeg,2
2284,n09398076_921.JPEG,1
2440,n09398076_3580.JPEG,1
3133,786.jpeg,2
3023,499.jpeg,2
1835,n09398076_17696.JPEG,1
2934,969.jpeg,2
718,n09398076_57.JPEG,1
1910,n02958343_13818.JPEG,0
2428,n09398076_372.JPEG,1
81,n02958343_59269.JPEG,0
648,n09398076_20225.JPEG,1
2412,n09398076_15948.JPEG,1
3610,653.jpeg,2
2360,n09398076_11454.JPEG,1
1733,n09398076_10001.JPEG,1
701,n02958343_1203.JPEG,0
1747,n09398076_7078.JPEG,1
3548,516.jpeg,2
824,n02958343_2668.JPEG,0
227,n09398076_2390.JPEG,1
1320,n02958343_14424.JPEG,0
3675,68.jpeg,2
1194,n09398076_16252.JPEG,1
1904,n02958343_18343.JPEG,0
11,n09398076_19867.JPEG,1
663,n09398076_5607.JPEG,1
923,n02958343_74015.JPEG,0
901,n09398076_6192.JPEG,1
2341,n09398076_3255.JPEG,1
2953,928.jpeg,2
3450,1057.jpeg,2
712,n09398076_14128.JPEG,1
1659,n09398076_1603.JPEG,1
2498,n02958343_77716.JPEG,0
3603,72.jpeg,2
2036,n09398076_17205.JPEG,1
1966,n02958343_12642.JPEG,0
1449,n02958343_3337.JPEG,0
3522,890.jpeg,2
3651,809.jpeg,2
3368,842.jpeg,2
1548,n02958343_10091.JPEG,0
2097,n02958343_11057.JPEG,0
3255,571.jpeg,2
1105,n02958343_54691.JPEG,0
2682,888.jpeg,2
2815,515.jpeg,2
393,n02958343_8216.JPEG,0
44,n09398076_14608.JPEG,1
1800,n02958343_2367.JPEG,0
3254,121.jpeg,2
1438,n02958343_8774.JPEG,0
2929,601.jpeg,2
981,n02958343_7778.JPEG,0
3215,286.jpeg,2
660,n09398076_6376.JPEG,1
2786,256.jpeg,2
322,n02958343_9523.JPEG,0
2405,n02958343_10973.JPEG,0
2938,206.jpeg,2
2684,164.jpeg,2
1857,n09398076_12286.JPEG,1
1770,n02958343_3910.JPEG,0
1045,n02958343_7432.JPEG,0
3296,442.png,2
326,n09398076_11287.JPEG,1
3138,1025.jpeg,2
506,n09398076_7469.JPEG,1
1629,n09398076_1954.JPEG,1
581,n02958343_4802.JPEG,0
65,n02958343_10426.JPEG,0
1732,n09398076_15405.JPEG,1
3310,15.jpeg,2
1576,n09398076_6296.JPEG,1
3463,591.png,2
2560,n02958343_77159.JPEG,0
1394,n09398076_4548.JPEG,1
3311,788.jpeg,2
914,n02958343_7912.JPEG,0
1768,n09398076_6379.JPEG,1
713,n02958343_4554.JPEG,0
3121,694.jpeg,2
542,n02958343_14392.JPEG,0
2038,n02958343_10472.JPEG,0
2274,n09398076_17214.JPEG,1
1363,n02958343_65876.JPEG,0
1374,n09398076_16199.JPEG,1
52,n02958343_4632.JPEG,0
481,n02958343_32639.JPEG,0
189,n02958343_12648.JPEG,0
386,n09398076_11642.JPEG,1
1088,n09398076_14003.JPEG,1
2303,n02958343_10093.JPEG,0
3400,317.jpeg,2
782,n09398076_4019.JPEG,1
3058,948.jpeg,2
369,n09398076_19860.JPEG,1
389,n09398076_366.JPEG,1
3682,1040.jpeg,2
1968,n09398076_8076.JPEG,1
949,n09398076_4186.JPEG,1
3375,287.jpeg,2
1531,n09398076_127.JPEG,1
297,n02958343_34572.JPEG,0
258,n09398076_506.JPEG,1
2698,282.jpeg,2
2306,n09398076_11064.JPEG,1
1132,n09398076_10085.JPEG,1
325,n02958343_13642.JPEG,0
1997,n02958343_9823.JPEG,0
694,n02958343_8974.JPEG,0
525,n09398076_1321.JPEG,1
2813,846.jpeg,2
1347,n09398076_5680.JPEG,1
1075,n02958343_14760.JPEG,0
269,n02958343_3332.JPEG,0
209,n09398076_4495.JPEG,1
193,n02958343_10750.JPEG,0
2655,522.jpeg,2
487,n02958343_56735.JPEG,0
1858,n09398076_19405.JPEG,1
2210,n02958343_24455.JPEG,0
1240,n02958343_42803.JPEG,0
922,n09398076_2113.JPEG,1
2788,190.jpeg,2
311,n02958343_52439.JPEG,0
3301,376.jpeg,2
977,n09398076_1340.JPEG,1
2595,n09398076_9633.JPEG,1
1541,n02958343_49930.JPEG,0
2527,n09398076_1610.JPEG,1
1853,n02958343_1155.JPEG,0
1999,n02958343_3347.JPEG,0
2960,725.jpeg,2
71,n09398076_6982.JPEG,1
2519,n09398076_16099.JPEG,1
1649,n02958343_13615.JPEG,0
3217,906.jpeg,2
3443,218.jpeg,2
3035,1101.jpeg,2
3658,171.jpeg,2
208,n09398076_46.JPEG,1
1369,n02958343_50600.JPEG,0
2469,n02958343_10092.JPEG,0
310,n09398076_15697.JPEG,1
1289,n02958343_1053.JPEG,0
1027,n02958343_4199.JPEG,0
1404,n02958343_10842.JPEG,0
388,n09398076_17515.JPEG,1
855,n02958343_4612.JPEG,0
1162,n09398076_3301.JPEG,1
3280,766.jpeg,2
129,n09398076_12729.JPEG,1
61,n09398076_9195.JPEG,1
1270,n02958343_81823.JPEG,0
3642,624.jpeg,2
3049,899.jpeg,2
2386,n09398076_3338.JPEG,1
1740,n09398076_11753.JPEG,1
113,n09398076_929.JPEG,1
2520,n02958343_764.JPEG,0
2961,375.jpeg,2
149,n09398076_20621.JPEG,1
1500,n09398076_4498.JPEG,1
1802,n09398076_6874.JPEG,1
1157,n02958343_81362.JPEG,0
1778,n02958343_62444.JPEG,0
2145,n09398076_374.JPEG,1
2111,n09398076_14854.JPEG,1
837,n09398076_5505.JPEG,1
2599,n09398076_12396.JPEG,1
2115,n09398076_2777.JPEG,1
3677,833.jpeg,2
3523,193.jpeg,2
3072,289.jpeg,2
1482,n09398076_498.JPEG,1
163,n09398076_3022.JPEG,1
3219,18.jpeg,2
3405,439.jpeg,2
1845,n02958343_65892.JPEG,0
2081,n09398076_3520.JPEG,1
3640,13.jpeg,2
3117,483.jpeg,2
882,n02958343_13319.JPEG,0
644,n09398076_2394.JPEG,1
2641,627.jpeg,2
1851,n02958343_13233.JPEG,0
3560,1060.jpeg,2
1581,n09398076_4458.JPEG,1
637,n02958343_9912.JPEG,0
595,n09398076_17835.JPEG,1
2348,n02958343_10600.JPEG,0
2207,n02958343_12137.JPEG,0
2261,n09398076_8429.JPEG,1
664,n09398076_11164.JPEG,1
1368,n02958343_3523.JPEG,0
3546,453.jpeg,2
2878,1039.jpeg,2
1744,n09398076_13800.JPEG,1
2407,n09398076_7757.JPEG,1
368,n09398076_6338.JPEG,1
3030,83.jpeg,2
1330,n09398076_7350.JPEG,1
1716,n09398076_17863.JPEG,1
2235,n09398076_19129.JPEG,1
2844,962.jpeg,2
904,n02958343_10374.JPEG,0
1134,n09398076_20998.JPEG,1
2589,n02958343_30790.JPEG,0
50,n09398076_6334.JPEG,1
836,n02958343_14365.JPEG,0
1238,n02958343_11114.JPEG,0
1535,n02958343_12918.JPEG,0
245,n09398076_2100.JPEG,1
1933,n09398076_5762.JPEG,1
877,n09398076_9806.JPEG,1
1090,n02958343_3049.JPEG,0
1777,n09398076_4223.JPEG,1
1503,n02958343_273.JPEG,0
840,n02958343_4407.JPEG,0
1819,n09398076_1098.JPEG,1
1434,n09398076_630.JPEG,1
2583,n02958343_9243.JPEG,0
2312,n09398076_11658.JPEG,1
3074,266.jpeg,2
526,n09398076_11746.JPEG,1
1473,n09398076_9175.JPEG,1
1952,n02958343_11106.JPEG,0
1067,n02958343_11246.JPEG,0
3325,874.jpeg,2
235,n09398076_12252.JPEG,1
2137,n09398076_1838.JPEG,1
2562,n02958343_14120.JPEG,0
17,n02958343_9533.JPEG,0
1665,n02958343_6037.JPEG,0
2408,n09398076_11569.JPEG,1
505,n02958343_5506.JPEG,0
2984,733.jpeg,2
2095,n09398076_1216.JPEG,1
3245,4.jpeg,2
469,n02958343_11497.JPEG,0
2541,n02958343_4743.JPEG,0
100,n02958343_2352.JPEG,0
2579,n09398076_182.JPEG,1
263,n02958343_3643.JPEG,0
3638,327.jpeg,2
288,n02958343_288.JPEG,0
60,n09398076_4127.JPEG,1
3330,659.jpeg,2
114,n09398076_4621.JPEG,1
2603,n09398076_9378.JPEG,1
374,n02958343_11428.JPEG,0
1011,n09398076_11128.JPEG,1
1291,n09398076_17718.JPEG,1
313,n02958343_3041.JPEG,0
3038,964.jpeg,2
2300,n09398076_4255.JPEG,1
1628,n09398076_11941.JPEG,1
3343,136.jpeg,2
2054,n09398076_3522.JPEG,1
1636,n02958343_7542.JPEG,0
1200,n09398076_7479.JPEG,1
696,n02958343_64563.JPEG,0
2331,n09398076_397.JPEG,1
3671,433.jpeg,2
678,n09398076_11267.JPEG,1
697,n02958343_3642.JPEG,0
3334,78.jpeg,2
1564,n09398076_7040.JPEG,1
2375,n09398076_7054.JPEG,1
1527,n09398076_6993.JPEG,1
1186,n02958343_62636.JPEG,0
77,n02958343_14347.JPEG,0
3130,293.jpeg,2
3556,49.jpeg,2
173,n09398076_1027.JPEG,1
1839,n09398076_9438.JPEG,1
1373,n02958343_7727.JPEG,0
286,n02958343_29955.JPEG,0
816,n02958343_9504.JPEG,0
427,n09398076_2457.JPEG,1
1480,n09398076_2874.JPEG,1
1563,n09398076_1534.JPEG,1
859,n09398076_1302.JPEG,1
1598,n02958343_5158.JPEG,0
253,n02958343_3219.JPEG,0
1448,n09398076_1105.JPEG,1
3188,253.jpeg,2
1640,n02958343_74566.JPEG,0
555,n09398076_19299.JPEG,1
2141,n02958343_4521.JPEG,0
494,n02958343_12464.JPEG,0
3607,346.jpeg,2
1025,n02958343_8515.JPEG,0
2908,441.jpeg,2
156,n09398076_19360.JPEG,1
26,n09398076_15428.JPEG,1
2670,84.jpeg,2
706,n02958343_9611.JPEG,0
968,n09398076_7973.JPEG,1
3104,712.jpeg,2
3685,167.jpeg,2
2354,n09398076_12449.JPEG,1
918,n02958343_14.JPEG,0
3617,350.jpeg,2
2090,n09398076_8350.JPEG,1
2957,617.jpeg,2
1650,n09398076_10416.JPEG,1
1882,n02958343_9536.JPEG,0
1459,n02958343_4074.JPEG,0
153,n09398076_19546.JPEG,1
2631,959.jpeg,2
3170,707.jpeg,2
2584,n02958343_11980.JPEG,0
3388,58.jpeg,2
1274,n09398076_8912.JPEG,1
1705,n02958343_62787.JPEG,0
1188,n09398076_19662.JPEG,1
1730,n02958343_6679.JPEG,0
1615,n02958343_10876.JPEG,0
2046,n09398076_10393.JPEG,1
705,n02958343_4139.JPEG,0
995,n09398076_2162.JPEG,1
2039,n02958343_21591.JPEG,0
2034,n02958343_6550.JPEG,0
3361,116.jpeg,2
3322,54.jpeg,2
3173,212.jpeg,2
1281,n02958343_14752.JPEG,0
1796,n02958343_7786.JPEG,0
2507,n09398076_20414.JPEG,1
760,n02958343_13353.JPEG,0
570,n09398076_4892.JPEG,1
279,n09398076_13300.JPEG,1
3323,527.jpeg,2
2889,237.jpeg,2
2447,n02958343_73298.JPEG,0
3028,1044.jpeg,2
2201,n09398076_15275.JPEG,1
3064,159.jpeg,2
214,n02958343_12513.JPEG,0
3101,207.jpeg,2
1990,n09398076_15542.JPEG,1
1144,n09398076_19569.JPEG,1
2458,n09398076_15931.JPEG,1
3052,525.jpeg,2
2942,1049.jpeg,2
2082,n02958343_4120.JPEG,0
919,n09398076_4191.JPEG,1
1759,n09398076_3133.JPEG,1
3397,194.jpeg,2
2322,n09398076_4469.JPEG,1
1415,n02958343_9520.JPEG,0
1880,n09398076_8342.JPEG,1
1224,n02958343_12582.JPEG,0
2738,345.jpeg,2
1233,n09398076_17109.JPEG,1
2539,n02958343_12367.JPEG,0
2395,n02958343_3406.JPEG,0
1264,n09398076_997.JPEG,1
1918,n09398076_20528.JPEG,1
185,n02958343_10065.JPEG,0
1914,n09398076_8487.JPEG,1
507,n09398076_8634.JPEG,1
3281,459.jpeg,2
2593,n02958343_10632.JPEG,0
1624,n09398076_20383.JPEG,1
337,n02958343_3612.JPEG,0
150,n02958343_36881.JPEG,0
842,n09398076_2710.JPEG,1
345,n02958343_38570.JPEG,0
2484,n02958343_14698.JPEG,0
3684,87.jpeg,2
2778,344.jpeg,2
2518,n09398076_17605.JPEG,1
1595,n09398076_778.JPEG,1
3595,690.jpeg,2
849,n09398076_5497.JPEG,1
142,n02958343_1144.JPEG,0
3529,412.jpeg,2
1367,n09398076_7696.JPEG,1
2882,630.jpeg,2
1597,n09398076_6335.JPEG,1
2594,n09398076_5049.JPEG,1
3502,214.jpeg,2
1468,n02958343_10010.JPEG,0
2552,n02958343_3063.JPEG,0
909,n02958343_5721.JPEG,0
2443,n02958343_38657.JPEG,0
628,n02958343_12730.JPEG,0
2085,n09398076_21490.JPEG,1
1847,n02958343_10538.JPEG,0
1391,n09398076_4529.JPEG,1
396,n02958343_3035.JPEG,0
1979,n09398076_5651.JPEG,1
3337,570.jpeg,2
1423,n09398076_10225.JPEG,1
2967,41.jpeg,2
399,n02958343_5778.JPEG,0
1539,n09398076_2352.JPEG,1
504,n02958343_13404.JPEG,0
2591,n09398076_20207.JPEG,1
3516,594.jpeg,2
2410,n09398076_14286.JPEG,1
886,n02958343_2055.JPEG,0
2365,n09398076_7317.JPEG,1
1533,n02958343_11437.JPEG,0
2832,165.jpeg,2
2025,n09398076_2983.JPEG,1
431,n09398076_6805.JPEG,1
1710,n02958343_13320.JPEG,0
1715,n09398076_4770.JPEG,1
3113,528.png,2
2874,626.jpeg,2
1074,n09398076_2488.JPEG,1
1307,n09398076_1481.JPEG,1
2409,n09398076_16221.JPEG,1
3240,567.jpeg,2
3148,456.jpeg,2
1810,n02958343_84680.JPEG,0
1478,n09398076_8650.JPEG,1
3252,988.jpeg,2
1896,n02958343_6077.JPEG,0
3417,643.jpeg,2
2904,791.jpeg,2
612,n02958343_4146.JPEG,0
2222,n02958343_3752.JPEG,0
264,n02958343_12696.JPEG,0
449,n09398076_8012.JPEG,1
1774,n02958343_13019.JPEG,0
478,n09398076_14728.JPEG,1
2955,494.jpeg,2
1336,n09398076_2293.JPEG,1
1957,n02958343_7560.JPEG,0
3267,463.jpeg,2
151,n02958343_4142.JPEG,0
1866,n02958343_85829.JPEG,0
3017,162.jpeg,2
3107,987.jpeg,2
1788,n09398076_242.JPEG,1
2714,555.jpeg,2
1633,n02958343_10951.JPEG,0
91,n02958343_81607.JPEG,0
20,n02958343_66878.JPEG,0
1014,n09398076_28.JPEG,1
2628,236.jpeg,2
2430,n09398076_7355.JPEG,1
582,n02958343_51906.JPEG,0
2358,n09398076_20838.JPEG,1
456,n02958343_29739.JPEG,0
2084,n02958343_10582.JPEG,0
1798,n02958343_10994.JPEG,0
1046,n09398076_4592.JPEG,1
3480,326.jpeg,2
3435,69.jpeg,2
996,n02958343_3161.JPEG,0
43,n09398076_10988.JPEG,1
99,n09398076_1192.JPEG,1
3565,110.jpeg,2
405,n09398076_14686.JPEG,1
230,n02958343_56790.JPEG,0
2076,n09398076_17389.JPEG,1
900,n02958343_213.JPEG,0
1946,n09398076_3135.JPEG,1
1072,n09398076_7475.JPEG,1
2109,n09398076_680.JPEG,1
1361,n09398076_2918.JPEG,1
1013,n02958343_11707.JPEG,0
3380,854.jpeg,2
3592,556.jpeg,2
608,n02958343_15084.JPEG,0
1860,n09398076_2380.JPEG,1
2509,n09398076_1946.JPEG,1
2367,n02958343_10287.JPEG,0
3018,532.jpeg,2
2701,74.png,2
2294,n09398076_5816.JPEG,1
3026,860.jpeg,2
3137,440.jpeg,2
1488,n09398076_7915.JPEG,1
2843,431.jpeg,2
811,n02958343_68091.JPEG,0
1670,n09398076_2868.JPEG,1
733,n02958343_50699.JPEG,0
2269,n09398076_8018.JPEG,1
1312,n02958343_3290.JPEG,0
1349,n09398076_16300.JPEG,1
1333,n02958343_11556.JPEG,0
233,n02958343_5358.JPEG,0
2216,n09398076_4672.JPEG,1
3619,215.jpeg,2
2529,n02958343_14117.JPEG,0
3266,199.jpeg,2
1617,n02958343_63792.JPEG,0
109,n09398076_13780.JPEG,1
404,n09398076_7173.JPEG,1
161,n09398076_11823.JPEG,1
3259,96.jpeg,2
2881,260.jpeg,2
1843,n02958343_11828.JPEG,0
1124,n09398076_4660.JPEG,1
1973,n02958343_8488.JPEG,0
2217,n02958343_9273.JPEG,0
2555,n02958343_9319.JPEG,0
975,n09398076_4215.JPEG,1
1355,n09398076_47.JPEG,1
2838,1042.jpeg,2
2515,n09398076_14706.JPEG,1
211,n02958343_9414.JPEG,0
957,n02958343_12794.JPEG,0
1402,n02958343_5628.JPEG,0
2819,903.jpeg,2
1156,n09398076_14886.JPEG,1
858,n02958343_11564.JPEG,0
78,n09398076_8991.JPEG,1
58,n02958343_10810.JPEG,0
1686,n02958343_14576.JPEG,0
3098,60.jpeg,2
2557,n09398076_13007.JPEG,1
3488,234.jpeg,2
2117,n02958343_12022.JPEG,0
1784,n09398076_8547.JPEG,1
2328,n02958343_6496.JPEG,0
1143,n09398076_8975.JPEG,1
3576,281.jpeg,2
2772,581.jpeg,2
1791,n02958343_70964.JPEG,0
3478,263.jpeg,2
597,n09398076_4752.JPEG,1
1513,n09398076_6010.JPEG,1
2621,n09398076_12679.JPEG,1
3329,1007.jpeg,2
41,n02958343_4281.JPEG,0
3000,436.jpeg,2
2619,n09398076_9468.JPEG,1
3209,506.jpeg,2
1038,n09398076_18840.JPEG,1
1021,n02958343_80433.JPEG,0
3027,421.jpeg,2
2476,n02958343_7247.JPEG,0
179,n02958343_43870.JPEG,0
1951,n09398076_10690.JPEG,1
2585,n02958343_10504.JPEG,0
618,n09398076_4464.JPEG,1
2474,n09398076_5231.JPEG,1
2323,n09398076_20320.JPEG,1
2948,210.jpeg,2
3053,175.jpeg,2
1920,n09398076_3299.JPEG,1
3481,618.png,2
2747,216.jpeg,2
2382,n09398076_2663.JPEG,1
1235,n02958343_6161.JPEG,0
2297,n09398076_4781.JPEG,1
777,n09398076_2822.JPEG,1
2800,411.jpeg,2
1836,n09398076_10934.JPEG,1
2180,n02958343_11939.JPEG,0
1792,n02958343_12226.JPEG,0
384,n02958343_64297.JPEG,0
2783,128.jpeg,2
463,n09398076_4506.JPEG,1
599,n09398076_452.JPEG,1
1103,n02958343_8420.JPEG,0
2805,153.jpeg,2
3145,840.jpeg,2
2064,n09398076_3573.JPEG,1
817,n02958343_6108.JPEG,0
1477,n09398076_100.JPEG,1
2184,n09398076_6831.JPEG,1
3153,817.jpeg,2
2824,811.jpeg,2
3599,741.jpeg,2
2835,85.jpeg,2
1871,n02958343_12104.JPEG,0
1596,n09398076_1987.JPEG,1
1773,n02958343_12627.JPEG,0
2204,n02958343_2309.JPEG,0
1637,n09398076_5423.JPEG,1
1877,n09398076_15621.JPEG,1
3182,1118.jpeg,2
3624,184.jpeg,2
3349,589.jpeg,2
